canonical_smiles,y_pred
CCCCCCOc1ccc(N(c2ccc(C=Cc3ccc(C=C(C#N)C(=O)O)s3)cc2)c2ccc(OCCCCCC)cc2)cc1,1
C#CCOc1ccc(C=CC2=[N+]3C(=C(c4ccc(C(=O)OC)cc4)c4c(C)c(CC)c(C=Cc5ccc(OCC#C)cc5)n4[B-]3(F)F)C(C)=C2CC)cc1,1
F[B-]1(F)n2c(ccc2-c2ccccc2)C(C=CC=C2C=C(c3ccccc3)OC(c3ccccc3)=C2)=C2C=CC(c3ccccc3)=[N+]21,1
CCCCCCc1ccc(-c2ccc(-c3ccc(-c4c(C)cc5n4[B-](F)(F)[N+]4=C(c6ccc(-c7ccc(CCCC)s7)s6)C(C)=CC4=C5)s3)s2)s1,1
CCCCCC(C)(C)c1ccc(N(c2ccc(C3=C4C=CC(c5ccc(-c6cccs6)s5)=[N+]4[B-](F)(F)n4c3ccc4-c3ccc(-c4cccs4)s3)cc2)c2ccc(C(C)(C)CCCCC)cc2)cc1,1
COc1ccc(C2=CC3=C(c4ccc(C)cc4)c4cc(-c5ccc(OC)s5)c(-c5ccc(OC)s5)n4[B-](F)(F)[N+]3=C2c2ccc(OC)s2)s1,1
CSc1ccc(C2=CC3=C(c4ccc(C)cc4)c4cc(-c5ccc(SC)s5)c(-c5ccc(SC)s5)n4[B-](F)(F)[N+]3=C2c2ccc(SC)s2)s1,1
Cc1ccc(C2=C3C=C(c4ccc(-c5cccs5)s4)C(c4ccc(-c5cccs5)s4)=[N+]3[B-](F)(F)n3c2cc(-c2ccc(-c4cccs4)s2)c3-c2ccc(-c3cccs3)s2)cc1,1
CCc1ccc(C2=[N+]3C(=Cc4c(C=O)c(C)c(-c5ccc(CC)s5)n4[B-]3(F)F)C=C2C)s1,1
COc1ccc(C2=CC3=C(c4ccc(OC)cc4)c4cc(-c5ccc(OC)cc5)c(C=Cc5ccc(C(F)(F)F)cc5)n4[B-](F)(F)[N+]3=C2C=Cc2ccc(C(F)(F)F)cc2)cc1,1
COc1ccc(C2=CC3=C(c4ccc(C(F)(F)F)cc4)c4cc(-c5ccc(OC)cc5)c(C=Cc5ccc(C(F)(F)F)cc5)n4[B-](F)(F)[N+]3=C2C=Cc2ccc(C(F)(F)F)cc2)cc1,1
O=Cc1ccc(C2=CC3=C(c4ccc(C(F)(F)F)cc4)c4cc(-c5ccc(C=O)cc5)c(C=Cc5ccc(C(F)(F)F)cc5)n4[B-](F)(F)[N+]3=C2C=Cc2ccc(C(F)(F)F)cc2)cc1,1
COc1ccc(C2=CC3=C(c4ccccc4C)c4cc(-c5ccc(OC)cc5)c(C=Cc5ccc(C(F)(F)F)cc5)n4[B-](F)(F)[N+]3=C2C=Cc2ccc(C(F)(F)F)cc2)cc1,1
Cc1ccccc1C1=C2C=C(c3ccc(C=O)cc3)C(C=Cc3ccc(C(F)(F)F)cc3)=[N+]2[B-](F)(F)n2c1cc(-c1ccc(C=O)cc1)c2C=Cc1ccc(C(F)(F)F)cc1,1
COc1ccc(C(OCC2OC(C#Cc3ccc(C4=C5C(C)=CC(C=Cc6ccc(N(C)C)cc6)=[N+]5[B-](F)(F)n5c(C=Cc6ccc(N(C)C)cc6)cc(C)c54)cc3)CC2O)(c2ccccc2)c2ccc(OC)cc2)cc1,1
Cc1cc(C)c(C2=C3C=C(Br)C(c4ccc(C)o4)=[N+]3[B-](F)(F)n3c2cc(Br)c3-c2ccc(C)o2)c(C)c1,1
COc1ccc(C2=[N+]3C(=C(C(F)(F)F)c4c(-c5ccccc5)cc(-c5ccc(OC)cc5)n4[B-]3(F)F)C(c3ccccc3)=C2)cc1,1
COC1=CC2=C(c3c(F)c(F)c(F)c(F)c3F)c3cc(OC)c(-c4cccs4)n3[B-](F)(F)[N+]2=C1c1cccs1,1
COC1=CC2=C(c3c(F)c(F)c(F)c(F)c3F)c3cc(OC)c(-c4ccsc4)n3[B-](F)(F)[N+]2=C1c1ccsc1,1
CCC1=C(C)C2=C(c3ccc(C4OCCO4)cc3)c3c(C)c(CC)c(C=Cc4ccc(N(c5ccc(OC)cc5)c5ccc(OC)cc5)cc4)n3[B-](F)(F)[N+]2=C1C=Cc1ccc(N(c2ccc(OC)cc2)c2ccc(OC)cc2)cc1,1
CCC1=C(C)C2=C(c3ccc(C=O)cc3)c3c(C)c(CC)c(C=Cc4ccc(N(c5ccc(OC)cc5)c5ccc(OC)cc5)cc4)n3[B-](F)(F)[N+]2=C1C=Cc1ccc(N(c2ccc(OC)cc2)c2ccc(OC)cc2)cc1,1
CCC1=C(C)C2=C(c3ccc(C=C(C#N)C(=O)O)cc3)c3c(C)c(CC)c(C=Cc4ccc(N(c5ccc(OC)cc5)c5ccc(OC)cc5)cc4)n3[B-](F)(F)[N+]2=C1C=Cc1ccc(N(c2ccc(OC)cc2)c2ccc(OC)cc2)cc1,1
COc1ccc([Se](=O)c2ccc(C=CC3=[N+]4C(=C(c5ccccc5)c5c(C)cc(C=Cc6ccc([Se](=O)c7ccc(OC)cc7)cc6)n5[B-]4(F)F)C(C)=C3)cc2)cc1,1
CCCCC(CC)COc1ccc(C2=C3C=C(c4ccc(N(c5ccc(C)cc5)c5ccc(C)cc5)cc4)C=[N+]3[B-](F)(F)n3cc(-c4ccc(N(c5ccc(C)cc5)c5ccc(C)cc5)cc4)cc32)cc1,1
CCC1=C(C)C2=C(c3ccc(C(=O)NCCc4ccc([N+](=O)[O-])cc4)cc3)c3c(C)c(CC)c(C=Cc4ccc(OC)cc4)n3[B-](F)(F)[N+]2=C1C=Cc1ccc(OC)cc1,1
CC1=CC(C=Cc2ccc(N(c3ccccc3)c3ccccc3)cc2)=[N+]2C1=C(c1ccc(OS(=O)(=O)c3ccc([N+](=O)[O-])cc3[N+](=O)[O-])cc1)c1c(C)cc(C=Cc3ccc(N(c4ccccc4)c4ccccc4)cc3)n1[B-]2(F)F,1
Cc1cc(C)c(C2=C3C=C(C=Cc4ccc(C(C)(C)C)cc4)C=[N+]3[B-](F)(F)n3cc(C=Cc4ccc(C(C)(C)C)cc4)cc32)c(C)c1,1
COc1ccc(C=CC2=CC3=C(c4c(C)cc(C)cc4C)c4cc(C=Cc5ccc([N+](=O)[O-])cc5)cn4[B-](F)(F)[N+]3=C2)cc1,1
CC1=CC(=CC=C2C=C(C(C)(C)C)C(=O)C(C(C)(C)C)=C2)[N+]2=C1C(c1ccc(C#N)cc1)=c1c(C)cc(=CC=C3C=C(C(C)(C)C)C(=O)C(C(C)(C)C)=C3)n1[B-]2(F)F,1
CCC1=C(C=Cc2ccc(O)cc2)C2=C(c3ccc(C(=O)OC)cc3)c3c(C)c(CC)c(C=Cc4ccc(O)cc4)n3[B-](F)(F)[N+]2=C1C=Cc1ccc(O)cc1,1
CC1=CC2=C(c3ccc(C=C(C#N)C(=O)O)cc3)c3cc(C)c(C=Cc4ccc(-c5ccc(N(c6ccccc6)c6ccccc6)cc5)s4)n3[B-](F)(F)[N+]2=C1C=Cc1ccc(-c2ccc(N(c3ccccc3)c3ccccc3)cc2)s1,1
CCOC(=O)c1ccc(C=CC2=[N+]3C(=C(c4ccco4)c4ccc(C=Cc5ccc(C(=O)OCC)o5)n4[B-]3(F)F)C=C2)o1,1
CCOC(=O)c1ccc(C=CC2=[N+]3C(=C(c4cccs4)c4ccc(C=Cc5ccc(C(=O)OCC)o5)n4[B-]3(F)F)C=C2)o1,1
CCOC(=O)c1ccc(C=CC2=[N+]3C(=C(c4ccc[se]4)c4ccc(C=Cc5ccc(C(=O)OCC)o5)n4[B-]3(F)F)C=C2)o1,1
CCOC(=O)c1ccc(C=CC2=[N+]3C(=C(c4ccc(I)o4)c4ccc(C=Cc5ccc(C(=O)OCC)o5)n4[B-]3(F)F)C=C2)o1,1
CCOC(=O)c1ccc(C=CC2=[N+]3C(=C(c4ccc(I)o4)c4ccc(C=Cc5ccc(C(=O)OCC)o5)n4[B-]3(F)F)C=C2I)o1,1
Cc1cc(C)c(C2=C3C=C(c4ccc(N(C)C)cc4)C=[N+]3[B-](F)(F)n3cc(-c4ccc(N(C)C)cc4)cc32)c(C)c1,1
O=C(O)c1ccc(-c2c3cc4c5c(c3oc3c2ccc2cc(=O)ccc23)CCCN5CCC4)c(C(=O)O)c1,1
CCc1c(CC)c2n(c1C)[B-](F)(F)[N+]1=Cc3cc4c(cc3C1=C2)C(C)=[N+]1C4Cc2c(CC)c(CC)c(C)n2[B-]1(F)F,1
CC1=[N+]2C(Cc3c4ccccc4c(C)n3[B-]2(F)F)c2cc3c(cc21)C1=Cc2c4ccccc4c(C)n2[B-](F)(F)[N+]1=C3,1
COc1ccc(-c2ccc(C3=[N+]4C(=C(c5c(C)cccc5C)c5ccc(-c6ccc(-c7ccc(OC)cc7)s6)n5[B-]4(F)F)C=C3c3ccc4c(=O)[nH][nH]c(=O)c4c3)s2)cc1,1
Cc1cccc(C)c1C1=C2C=C(c3ccc4c(=O)[nH][nH]c(=O)c4c3)C(c3ccc(-c4ccc(NC(=O)OC(C)(C)C)cc4)s3)=[N+]2[B-](F)(F)n2c1ccc2-c1ccc(-c2ccc(NC(=O)OC(C)(C)C)cc2)s1,1
Cc1cccc(C)c1C1=C2C=CC(c3ccc(-c4ccc(NC(=O)OC(C)(C)C)cc4)s3)=[N+]2[B-](F)(F)n2c1ccc2-c1ccc(-c2ccc(NC(=O)OC(C)(C)C)cc2)s1,1
CC(C)=CC(=O)CC1=C2C=c3c(c4ccc(C(C)(C)C)cc4c4cc(C(C)(C)C)ccc34)=[N+]2[B-](F)(F)n2c1cc1c3ccc(C(C)(C)C)cc3c3cc(C(C)(C)C)ccc3c12,1
COc1ccc2c(c1)c1c(c3cc(OC)ccc32)=[N+]2C(=C(CC(=O)C=C(C)C)c3cc4c5cc(OC)ccc5c5ccc(OC)cc5c4n3[B-]2(F)F)C=1,1
COc1cc2c3c(c4cc(OC)c(OC)c(OC)c4c2c(OC)c1OC)=[N+]1C(=C(CC(=O)C=C(C)C)c2cc4c5cc(OC)c(OC)c(OC)c5c5c(OC)c(OC)c(OC)cc5c4n2[B-]1(F)F)C=3,1
F[B-]1(F)n2c(cc3oc4c5ccccc5ccc4c32)C(C(F)(F)F)=C2C=c3oc4c(ccc5ccccc54)c3=[N+]21,1
F[B-]1(F)n2c(cc3sc4ccsc4c32)C(C(F)(F)F)=C2C=c3sc4ccsc4c3=[N+]21,1
F[B-]1(F)n2c(cc(Br)c2-c2ccc[nH]2)C(c2ccccc2)=C2C=C(Br)C(c3ccc[nH]3)=[N+]21,1
C#CCn1c2ccccc2c2cc(C=CC3=[N+]4C(=C(c5ccc(C)cc5)c5c(C)cc(C=Cc6ccc7c(c6)c6ccccc6n7CC#C)n5[B-]4(F)F)C(C)=C3)ccc21,1
COc1ccc(-c2ccc(C3=[N+]4C(=C(c5c(C)cccc5C)c5ccc(-c6ccc(-c7ccc(OC)cc7)s6)n5[B-]4(F)F)C=C3)s2)cc1,1
CN(C)c1ccc(C2=NC(=Nc3[nH]c(-c4ccc(N(C)C)cc4)cc3-c3ccc(C(C)(C)C)cc3)C(c3ccc(C(C)(C)C)cc3)=C2)cc1,1
CCN(CC)c1ccc2c(C=CC=C3N(C)c4ccccc4C3(C)C)c3ccc(N(CC)CC)cc3[o+]c2c1,1
CCN(CC)c1ccc2c(C=CC=C3C=Cc4ccccc4N3C)c3ccc(N(CC)CC)cc3[o+]c2c1,1
CN1C(=CC=CC=CC2N(C)c3ccc4ccccc4c3C2(C)C)C(C)(C)c2c1ccc1ccccc21,1
CC1(C)C(=CC=CC=CC2=[N+](CCCCNC(=O)c3cc(NCCS(=O)(=O)O)cc(N(CCS(=O)(=O)[O-])CCS(=O)(=O)O)c3)c3ccc4ccccc4c3C2(C)C)N(CCCCCC(=O)O)c2ccc3ccccc3c21,1
CCN(CC)C1=CC2[O+]=C3C(=CC4=C5Oc6cc(N(CC)CC)ccc6C=C5CCC4)CCCC3=C(Oc3ccc(C(=O)O)cc3)C2C=C1,1
CCN(CC)C1=CC2[O+]=C3C(=CC=CC4=C5Oc6cc(N(CC)CC)ccc6C=C5CCC4)CCCC3=CC2C=C1,1
CCN(CC)C1=CC2[O+]=C3C(=CC=CC=CC4=C5Oc6cc(N(CC)CC)ccc6C=C5CCC4)CCCC3=CC2C=C1,1
CC(=O)Nc1ccc(SC2=C(C=CC3=[N+](Cc4ccccc4)c4ccc(S(=O)(=O)[O-])cc4C3(C)C)CCCC2=CC=C2N(Cc3ccccc3)c3ccc(S(=O)(=O)O)cc3C2(C)C)cc1,1
CC1(C)C(=CC=CC=CC2=[N+](CCCS(=O)(=O)[O-])c3ccc4ccccc4c3C2(C)C)N(CCCCCC(=O)NCC(C(=O)NCC(C(=O)O)S(=O)(=O)O)S(=O)(=O)O)c2cc3ccccc3cc21,1
O=S(=O)([O-])CCCCn1c(=CC=C2CCCC(C=CC3=[N+](CCCCS(=O)(=O)[O-])c4cccc5cccc3c45)=C2Cl)c2cccc3cccc1c32,1
CN(C)c1ccc2c(c1)OC(c1ccccc1)=CC2=CC=C1CCCC(C=Cc2cc(-c3ccccc3)[o+]c3cc(N(C)C)ccc23)=C1SCCC(=O)O,1
CCN(CC)c1ccc2c(c1)OC1=C(C=CC=C3CCCc4cc5ccc(N(CC)CC)cc5[o+]c43)CCCC1=C2,1
CN1C(=CC=CC=CC=CC2N(C)c3ccccc3C2(C)C)C(C)(C)c2ccccc21,1
CCN1CCN(CC)C2=CC(OC)C(=C3C(=O)C(c4cc5c(cc4OC)N(CC)CCN5CC)=C3[O-])C=C21,1
CCN1C2=CCC(=C3C(=O)C(c4ccc5c(c4)N(CC)C(c4ccccc4)C(c4ccccc4)N5CC)=C3[O-])C=C2N(CC)C(c2ccccc2)C1c1ccccc1,1
CCN(CC)c1ccc2c(c1)C(F)(F)C(=C(C#N)C#N)C=C2C#N,1
COc1ccc(C2=[N+]3C(=Nc4c(-c5cc6c7c(c5)CCCN7CCC6)cc(-c5ccc(OC)cc5)n4[B-]3(F)F)C(c3cc4c5c(c3)CCCN5CCC4)=C2)cc1,1
C[Si]1(C)C2=CC(=[N+]3CCC3)C(F)=CC2=C(c2c(F)c(F)c(F)c(F)c2C(=O)[O-])c2cc(F)c(N3CCC3)cc21,1
CCOC(=O)CSc1c(F)c(F)c(C(=O)[O-])c(C2=C3C=CC(=[N+]4CCC4)C=C3[Si](C)(C)c3cc(N4CCC4)ccc32)c1F,1
C[Si]1(C)C2=CC(=[N+]3CCC3)C=CC2=C(c2c(F)c(SCC(=O)O)c(F)c(F)c2C(=O)[O-])c2ccc(N3CCC3)cc21,1
CN(C)c1ccc2c(c1)[Si](C)(C)C1=CC(=[N+](C)C)C=CC1=C2c1c(F)c(F)c(F)c(F)c1C(=O)[O-],1
CN(C)c1ccc2c(-c3ccccc3)c3ccc4cc(=[N+](C)C)ccc4c3[te]c2c1,1
CN(C)c1ccc2c(-c3ccccc3)c3cc4ccc(=[N+](C)C)cc4cc3[te]c2c1,1
CC(C)(C)c1ccc(C2=CC(c3ccc(N(c4ccccc4)c4ccccc4)cc3)=NC2=Nc2[nH]c(-c3ccc(N(c4ccccc4)c4ccccc4)cc3)cc2-c2ccc(C(C)(C)C)cc2)cc1,1
CCN(CC)c1ccc2c(C=CC=C3Sc4ccccc4N3C)c3ccc(N(CC)CC)cc3[o+]c2c1,1
CN1C(=CC=C2CC(C3CC(=CC=C4C(C#N)=C([C-](C#N)C#N)OC4(C)C)C(Cl)=C(C=CC4=C(C#N)C(=C(C#N)C#N)OC4(C)C)C3)CC(C=CC3=[N+](C)c4ccccc4C3(C)C)=C2Cl)C(C)(C)c2ccccc21,1
CCCCCCOc1ccc(C2=c3c(c4ccc(OC)cc4c4cc(C(C)(C)C)ccc34)=[N+]3C2=Nc2c(-c4ccc(OCCCCCC)cc4)c4c5ccc(C(C)(C)C)cc5c5cc(OC)ccc5c4n2[B-]3(F)F)cc1,1
Nc1ccc2c(c1)CCCc1c-2[o+]c2c(c1-c1ccccc1)CCCc1cc(N)ccc1-2,1
COc1ccccc1-c1c2c([o+]c3c1CCCc1cc(N)ccc1-3)-c1ccc(N)cc1CCC2,1
CN(C)c1ccc2c(c1)P(=O)(c1ccccc1)C1=CC(=[N+](C)C)C=CC1=C2c1ccccc1,1
Cc1cccc(C)c1C1=C2C=CC(=[N+](C)C)C=C2P(=O)(c2ccccc2)c2cc(N(C)C)ccc21,1
Cc1cc(C)c(C2=C3C=CC(=[N+](C)C)C=C3P(=O)(c3ccccc3)c3cc(N(C)C)ccc32)c(C)c1,1
[N-]=[N+]=NCCOc1ccc(C=Cc2ccc3n2[B-](F)(F)[n+]2c4n(c5ccccc52)[B-](F)(F)[N+]2=CC=CC2=C34)cc1,1
CCCCC(CC)CN1C(=O)c2ccc3c4c(-c5ccc6c7ccccc7n(-c7ccccc7)c6c5)cc5c6c(cc(-c7ccc8c9ccccc9n(-c9ccccc9)c8c7)c(c7ccc(c2c37)C1=O)c64)C(=O)N(CC(CC)CCCC)C5=O,1
CCCCC(CC)CN1C(=O)c2ccc3c4c(-c5ccc6c7ccccc7n(-c7ccccc7)c6c5)cc5c6c(ccc(c7c(-c8ccc9c%10ccccc%10n(-c%10ccccc%10)c9c8)cc(c2c37)C1=O)c64)C(=O)N(CC(CC)CCCC)C5=O,1
CN(C)C(=O)c1ccc2c3c(=O)n4c(c=3c3ccc(C(=O)N(C)C)c1c23)=c1c2c3ccc(C(=O)N(C)C)c5c(C(=O)N(C)C)ccc(c=2c(=O)n1C4)c53,1
CC(C)c1cccc(C(C)C)c1N1C(=O)c2ccc3c4c(=O)n5c(c=4c4ccc(c2c34)C1=O)=c1c2c3ccc4c6c(ccc(c=2c(=O)n1C5)c63)C(=O)N(c1c(C(C)C)cccc1C(C)C)C4=O,1
CCN(CC)c1ccc2c(C=CC=C3N(CCCCCS(=O)(=O)O)c4ccc(S(=O)(=O)[O-])cc4C3(C)CCCC(=O)O)cc(C(C)(C)C)[o+]c2c1,1
CCN(CCCS(=O)(=O)[O-])c1ccc2c(C=CC=C3N(CCCCCS(=O)(=O)O)c4ccc(S(=O)(=O)[O-])cc4C3(C)CCCC(=O)O)cc(C(C)(C)C)[o+]c2c1,1
CCN(CCCS(=O)(=O)O)c1ccc2c(C=CC=C3N(CCCCCS(=O)(=O)O)c4ccc(S(=O)(=O)[O-])cc4C3(C)CCCC(=O)O)cc(C(C)(C)C)[o+]c2c1,1
CC(C)(C)c1cc(C=CC=C2N(CCC[SH](=O)(O)O)c3ccc(S(=O)(=O)O)cc3C2(C)CCCC(=O)O)c2ccc(N(CCCS(=O)(=O)[O-])CCCS(=O)(=O)O)cc2[o+]1,1
CC(C)(C)c1cc(C=CC=C2N(CCC[SH](=O)(O)O)c3ccc(S(=O)(=O)O)cc3C2(C)CCCC(=O)O)c2ccc(N(CCCS(=O)(=O)[O-])CCCS(=O)(=O)[O-])cc2[o+]1,1
CC(C)(C)c1cc(C=CC=C2N(CCC[SH](=O)([O-])O)c3ccc(S(=O)(=O)O)cc3C2(C)CCCC(=O)O)c2ccc(N(CCCS(=O)(=O)[O-])CCCS(=O)(=O)[O-])cc2[o+]1,1
CC(C)(C)c1cc(C=CC=C2N(CCC[SH](=O)([O-])O)c3ccc(S(=O)(=O)[O-])cc3C2(C)CCCC(=O)O)c2ccc(N(CCCS(=O)(=O)[O-])CCCS(=O)(=O)[O-])cc2[o+]1,1
CC(C)(C)c1cc(C=CC=C2N(CCC[SH](=O)(O)O)c3ccc(S(=O)(=O)O)cc3C2(C)CCCC(=O)O)c2ccc(N(CCCS(=O)(=O)O)CCCS(=O)(=O)O)cc2[o+]1,1
CC(C)(C)c1cc(C=CC=C2N(CCCCCC(=O)O)c3ccc(S(=O)(=O)[O-])cc3C2(C)C)c2cc3c4c(c2[o+]1)CCCN4CCC3,1
CC(C)(C)c1cc(C=CC=C2N(CCCCCC(=O)O)c3ccc(S(=O)(=O)O)cc3C2(C)C)c2cc3c4c(c2[o+]1)CCCN4CCC3,1
CC(C)(C)c1cc(C=CC=C2N(CCCS(=O)(=O)[O-])c3ccc(S(=O)(=O)O)cc3C2(C)CCCC(=O)O)c2cc3c4c(c2[o+]1)CCCN4CCC3,1
CC(C)(C)c1cc(C=CC=C2N(CCCS(=O)(=O)O)c3ccc(S(=O)(=O)O)cc3C2(C)CCCC(=O)O)c2cc3c4c(c2[o+]1)CCCN4CCC3,1
COCC[N+]1=C(C=CC=CC=C2N(CCCCCC(=O)O)c3ccc(S(=O)(=O)O)cc3C2(C)CCCS(=O)(=O)[O-])C(C)(C)C2CC(S(=O)(=O)[O-])=CC=C21,1
COCC[N+]1=C(C=CC=CC=C2N(CCCCCC(=O)O)c3ccc(S(=O)(=O)[O-])cc3C2(C)CCCS(=O)(=O)[O-])C(C)(C)C2CC(S(=O)(=O)[O-])=CC=C21,1
COCC[N+]1=C(C=CC=CC=C2N(CCCCCC(=O)O)c3ccc(S(=O)(=O)[O-])cc3C2(C)CCCS(=O)(=O)[O-])C(C)(CCCS(=O)(=O)O)C2CC(S(=O)(=O)[O-])=CC=C21,1
CCN1c2cc3[o+]c(C(C)(C)C)cc(C=CC=C4N(CCCCCC(=O)O)c5ccc(S(=O)(=O)O)cc5C4(C)C)c3cc2C(C)=CC1(C)C,1
CCN1c2cc3[o+]c(C(C)(C)C)cc(C=CC=C4N(CCCS(=O)(=O)[O-])c5ccc([SH](=O)([O-])O)cc5C4(C)CCCC(=O)O)c3cc2C(C)=CC1(C)C,1
CC1=CC(C)(C)N(CCCS(=O)(=O)O)c2cc3[o+]c(C(C)(C)C)cc(C=CC=C4N(CCCS(=O)(=O)[O-])c5ccc(S(=O)(=O)O)cc5C4(C)CCCC(=O)O)c3cc21,1
CC(C)(C)c1cc(C=CC=C2N(CCCS(=O)(=O)O)c3ccc(S(=O)(=O)O)cc3C2(C)CCCC(=O)O)c2cc3c(cc2[o+]1)N(CCCS(=O)(=O)[O-])C(C)(C)C=C3CS(=O)(=O)O,1
COCC[N+]1=C(C=CC=CC=C2N(CCCCCC(=O)O)c3ccc4c(S(=O)(=O)[O-])cc(S(=O)(=O)[O-])cc4c3C2(C)C)C(C)(CCCS(=O)(=O)[O-])c2cc(S(=O)(=O)[O-])ccc21,1
CCN1c2cc3[o+]c(-c4ccccc4)cc(C=CC=C4N(CCCS(=O)(=O)[O-])c5ccc(S(=O)(=O)[O-])cc5C4(C)CCCC(=O)O)c3cc2C(C)=CC1(C)C,1
CC1=CC(C)(C)N(CCCS(=O)(=O)[O-])c2cc3[o+]c(-c4ccccc4)cc(C=CC=C4N(CCCS(=O)(=O)[O-])c5ccc(S(=O)(=O)[O-])cc5C4(C)CCCC(=O)O)c3cc21,1
CC1(CCCC(=O)O)C(=CC=Cc2cc(-c3ccccc3)[o+]c3cc4c(cc23)C(CS(=O)(=O)[O-])=CC(C)(C)N4CCCS(=O)(=O)[O-])N(CCCS(=O)(=O)[O-])c2ccc(S(=O)(=O)[O-])cc21,1
CCN(CC)c1ccc2c(C(C)(C)C)cc(C=CC=C3N(CCCS(=O)(=O)[O-])c4ccc(S(=O)(=O)[O-])cc4C3(C)CCCC(=O)O)[o+]c2c1,1
CCN(CCCS(=O)(=O)[O-])c1ccc2c(C(C)(C)C)cc(C=CC=C3N(CCC[SH](=O)([O-])O)c4ccc(S(=O)(=O)[O-])cc4C3(C)CCCC(=O)O)[o+]c2c1,1
CC(C)(C)c1cc(C=CC=C2N(CCC[SH](=O)([O-])O)c3ccc(S(=O)(=O)[O-])cc3C2(C)CCCC(=O)O)[o+]c2cc(N(Cc3cccc(S(=O)(=O)[O-])c3)Cc3cccc(S(=O)(=O)[O-])c3)ccc12,1
CCN(CC)c1ccc2c(-c3ccccc3)c(C)c(C=CC=C3N(CCCS(=O)(=O)[O-])c4ccc(S(=O)(=O)[O-])cc4C3(C)CCCC(=O)O)[o+]c2c1,1
C=C=CC(=CC=C)c1c(C)c(C=CC=C2N(CCCS(=O)(=O)O)c3ccc(S(=O)(=O)[O-])cc3C2(C)CCCC(=O)O)[o+]c2cc(N(CC)CCCS(=O)(=O)[O-])ccc12,1
CCN(CC)c1ccc2c(-c3ccc(OC)cc3C)cc(C=CC=C3N(CCCS(=O)(=O)[O-])c4ccc(S(=O)(=O)O)cc4C3(C)CCCC(=O)O)[o+]c2c1,1
CCN(CC)c1ccc2c(-c3cc(S(=O)(=O)[O-])c(OC)cc3C)cc(C=CC=C3N(CCCS(=O)(=O)[O-])c4ccc(S(=O)(=O)[O-])cc4C3(C)CCCC(=O)O)[o+]c2c1,1
CCN(CC)c1ccc2c(-c3cccc(S(=O)(=O)[O-])c3)c(C)c(C=CC=C3N(CCCS(=O)(=O)[O-])c4ccc(S(=O)(=O)[O-])cc4C3(C)CCCC(=O)O)[o+]c2c1,1
CCN(CC)C1C=c2[o+]c(C(C)(C)C)cc(C=CC=CC=C3N(CCCS(=O)(=O)[O-])c4ccc(S(=O)(=O)[O-])cc4C3(C)CCCC(=O)O)c2=CC1,1
CCN(CCCS(=O)(=O)[O-])c1ccc2c(C=CC=CC=C3N(CCCS(=O)(=O)[O-])c4ccc(S(=O)(=O)[O-])cc4C3(C)CCCC(=O)O)cc(C(C)(C)C)[o+]c2c1,1
CC(C)(C)c1cc(C=CC=CC=C2N(CCC[SH](=O)([O-])O)c3ccc([SH](=O)([O-])O)cc3C2(C)CCCC(=O)O)c2ccc(N(CCCS(=O)(=O)[O-])CCCS(=O)(=O)[O-])cc2[o+]1,1
CC(C)(C)c1cc(C=CCCC=C2N(CCC[SH](=O)([O-])O)c3ccc(S(=O)(=O)[O-])cc3C2(C)CCCC(=O)O)c2cc3c4c(c2[o+]1)CCCN4CCC3,1
COCC[N+]1=C(C=CC=CC=CC=C2N(CCCCCC(=O)O)c3ccc(S(=O)(=O)[O-])cc3C2(C)CCCS(=O)(=O)[O-])C(C)(CCCS(=O)(=O)[O-])c2cc(S(=O)(=O)[O-])ccc21,1
CCN1c2cc3[o+]c(C(C)(C)C)cc(C=CC=CC=C4N(CCCS(=O)(=O)[O-])c5ccc(S(=O)(=O)[O-])cc5C4(C)CCCC(=O)O)c3cc2C(C)=CC1(C)C,1
CC1=CC(C)(C)N(CCCS(=O)(=O)[O-])c2cc3[o+]c(C(C)(C)C)cc(C=CC=CC=C4N(CCCS(=O)(=O)[O-])c5ccc(S(=O)(=O)[O-])cc5C4(C)CCCC(=O)O)c3cc21,1
CC(C)(C)c1cc(C=CC=CC=C2N(CCCS(=O)(=O)[O-])c3ccc(S(=O)(=O)[O-])cc3C2(C)CCCC(=O)O)c2cc3c(cc2[o+]1)N(CCCS(=O)(=O)[O-])C(C)(C)C=C3CS(=O)(=O)[O-],1
CCN1c2cc3[o+]c(-c4ccccc4)cc(C=CC=CC=C4N(CCCS(=O)(=O)[O-])c5ccc(S(=O)(=O)[O-])cc5C4(C)CCCC(=O)O)c3cc2C(C)=CC1(C)C,1
CC1=CC(C)(C)N(CCCS(=O)(=O)[O-])c2cc3[o+]c(-c4ccccc4)cc(C=CC=CC=C4N(CCCS(=O)(=O)[O-])c5ccc(S(=O)(=O)[O-])cc5C4(C)CCCC(=O)O)c3cc21,1
CC1(CCCC(=O)O)C(=CC=CC=Cc2cc(-c3ccccc3)[o+]c3cc4c(cc23)C(CS(=O)(=O)[O-])=CC(C)(C)N4CCCS(=O)(=O)[O-])N(CCCS(=O)(=O)[O-])c2ccc(S(=O)(=O)[O-])cc21,1
CCN(CC)c1ccc2c(C(C)(C)C)cc(C=CC=CC=C3N(CCCS(=O)(=O)[O-])c4ccc(S(=O)(=O)[O-])cc4C3(C)CCCC(=O)O)[o+]c2c1,1
CCN(CCCS(=O)(=O)[O-])c1ccc2c(C(C)(C)C)cc(C=CC=CC=C3N(CCCS(=O)(=O)[O-])c4ccc(S(=O)(=O)[O-])cc4C3(C)CCCC(=O)O)[o+]c2c1,1
CC(C)(C)c1cc(C=CC=CC=C2N(CCCS(=O)(=O)[O-])c3ccc(S(=O)(=O)[O-])cc3C2(C)CCCC(=O)O)[o+]c2cc(N(Cc3cccc(S(=O)(=O)[O-])c3)Cc3cccc(S(=O)(=O)[O-])c3)ccc12,1
CCN(CC)c1ccc2c(-c3ccccc3C(=O)O)c3c([o+]c2c1)C(=CC=CC=C1N(CCCS(=O)(=O)[O-])c2ccc(S(=O)(=O)[O-])cc2C1(C)CCCC(=O)O)CCC3,1
CCN(CC)c1ccc2c(C=CC=CC=CC=C3N(CCC[SH](=O)([O-])O)c4ccc(S(=O)(=O)[O-])cc4C3(C)CCCC(=O)O)cc(C(C)(C)C)[o+]c2c1,1
CCN1CCN(CC)c2cc3c(cc21)Oc1cc2c(cc1=C3c1ccccc1C(=O)[O-])N(CC)CC[N+]=2CC,1
CCN1c2cc3oc4cc(=[N+](CC)CC)ccc-4c(-c4ccccc4C(=O)[O-])c3cc2N(CC)C2CCCCC21,1
CCN(CC)c1ccc2c(c1)Oc1cc3c(cc1=C2c1ccccc1C(=O)[O-])Sc1ccccc1[N+]=3CC,1
CN1c2cc3c(cc2-c2c(n(C)c4ccccc24)C1(C)c1ccccc1)C(c1ccc(S(=O)(=O)[O-])cc1S(=O)(=O)[O-])=c1cc2c(cc1O3)=[N+](C)C(C)(c1ccccc1)c1c-2c2ccccc2n1C,1
CCN1c2cc3c(cc2C(C)=CC1(C)C)C(c1ccccc1C(=O)[O-])=c1cc2c(cc1C3(C)C)=[N+](CC)C(C)(C)C=C2C,1
CN(C)c1ccc2c(c1)S(=O)(=O)C1=CC(=[N+](C)C)C=CC1=C2c1ccccc1,1
Cc1ccccc1C1=C2C=CC(=[N+](C)C)C=C2S(=O)(=O)c2cc(N(C)C)ccc21,1
COc1ccccc1C1=C2C=CC(=[N+](C)C)C=C2S(=O)(=O)c2cc(N(C)C)ccc21,1
Cc1cccc(C)c1C1=C2C=CC(=[N+](C)C)C=C2S(=O)(=O)c2cc(N(C)C)ccc21,1
CCN1CCc2cc3c(cc21)C(C)(C)c1cc2c(cc1=C3)CC[N+]=2CC,1
CCN1c2cc3c(cc2C(C)=CC1(C)C)C=c1cc2c(cc1C3(C)C)=[N+](CC)C(C)(C)C=C2C,1
CCN1CCc2cc3c(cc21)C(C)(C)c1cc2c(cc1=C3)CCC[N+]=2CC,1
CCN1CCc2cc3c(cc21)C(C)(C)c1cc2c(cc1=C3)C(C)=CC(C)(C)[N+]=2CC,1
CCN1CCCc2cc3c(cc21)C(C)(C)c1cc2c(cc1=C3)C(C)=CC(C)(C)[N+]=2CC,1
CC[N+]1=c2cc3c(cc2C(C)=CC1(C)C)=Cc1ccc(N(C)C)cc1C3(C)C,1
CC[N+]1=c2cc3c(cc2C(C)=CC1(C)C)=Nc1cc2c(cc1O3)N(CCCC(=O)O)CCC2,1
CN1CCOc2cc3c(cc21)Oc1cc2c(cc1=N3)OCC[N+]=2C,1
CN1CCCc2cc3c(cc21)Oc1cc2c(cc1=N3)OCC[N+]=2C,1
CCNc1cc2c(cc1C)C(C=C1N(CC)c3ccccc3C1(C)C)=C1CCCC(C=CC3=[N+](CC)c4ccc5ccccc5c4C3(C)C)=C1O2,1
CCNc1ccc2c(c1)OC1=C(C=CC3=[N+](CC)c4ccc5ccccc5c4C3(C)C)CCCC1=C2C=C1N(CC)c2ccccc2C1(C)C,1
CCN1C(=CC2=C3CCCC(C=CC4=[N+](CC)c5ccc6ccccc6c5C4(C)C)=C3Oc3c2cc2c4c3CCCN4CCC2)C(C)(C)c2ccccc21,1
CCN(CC)c1ccc2c(c1)OC(=CC=c1cc3c(oc1=O)=CC(=[N+](CC)CC)C=C3)C=C2c1ccccc1C(=O)O,1
CCN(CC)c1ccc2c(c1)OC(=CC=CC=c1cc3c(oc1=O)=CC(=[N+](CC)CC)C=C3)C=C2c1ccccc1C(=O)O,1
C[N+](C)=c1ccc2c(-c3ccccc3C(=O)O)c3ccc4c(F)c(O)ccc4c3oc-2c1,1
CN(C)c1ccc2c(-c3c(F)c(F)c(F)c(F)c3C(=O)O)c3ccc4cc(=O)ccc4c3oc2c1,1
CN(C)c1ccc2c(-c3c(Cl)c(Cl)c(Cl)c(Cl)c3C(=O)O)c3ccc4cc(=O)ccc4c3oc2c1,1
COC(=O)c1ccccc1-c1c2ccc(=[N+](C)C)cc-2oc2c1ccc1cccc(N)c12,1
CCc1ccc(-c2c(-c3ccc(OC)cc3)[o+]c3c(-c4ccc(OC)cc4)c(-c4ccc(OC)cc4)c4cccc5ccc2c3c54)cc1,1
COc1ccc(-c2[o+]c3c(-c4ccc(OC)cc4)c(-c4ccc(OC)cc4)c4cc5cccc6ccc7cc(c2-c2ccc(OC)cc2)c3c4c7c65)cc1,1
CN(C)c1ccc2nn(C)c(-c3ccc(C=C(C#N)C#N)o3)c2c1,1
CN(C)c1ccc2nn(C)c(-c3ccc(C=C(C#N)C#N)s3)c2c1,1
COc1ccc(C2=C(c3ccc(OC)cc3)c3cc([N+](=O)[O-])cc4c(-c5ccc(OC)cc5)c5c6ccc(OC)cc6c(-c6ccc(OC)cc6)c(-c6ccc(OC)cc6)[n+]5c(c34)O2)cc1,1
COc1ccc(C2=C(c3ccc(OC)cc3)N3C(=C(c4ccc(OC)cc4)c4cc([N+](=O)[O-])cc5c(-c6ccc(OC)cc6)c(-c6ccc(OC)cc6)[o+]c3c45)c3ccc(OC)cc32)cc1,1
COc1ccc(-c2cccc3c2n[n+](-c2ccccc2)c2cc(OC)ccc32)cc1,1
COc1ccc(-c2cc(C)cc3c2n[n+](-c2ccc(C)cc2)c2cc(OC)ccc32)cc1,1
COc1ccc(-c2cc(C(C)(C)C)cc3c2n[n+](-c2ccc(C(C)(C)C)cc2)c2cc(OC)ccc32)cc1,1
COc1ccc(-c2cc(OC)cc3c2n[n+](-c2cc(C(F)(F)F)cc(C(F)(F)F)c2)c2cc(OC)ccc32)cc1,1
COc1ccc(-c2cccc3c2n[n+](-c2cc(C(F)(F)F)cc(C(F)(F)F)c2)c2cc(OC)ccc32)cc1,1
CC1=CC(C)(C)[N+](CCCC(=O)O)=c2cc3c(cc21)=Cc1ccc(N(C)C)cc1C3(C)C,1
CC[N+]1=c2cc3c(cc2CCC1)=Nc1cc2c(cc1O3)N(CCCC(=O)O)C(C)(C)CC2CS(=O)(=O)O,1
CC[N+]1=c2cc3c(cc2C(C)=CC1(C)C)=Nc1cc2c(cc1O3)N(CCCC(=O)O)C(C)(C)C=C2CS(=O)(=O)O,1
CCN1c2cc3c(cc2C(C)=CC1(C)C)C(c1c(Cl)c(Cl)c(Cl)c(Cl)c1C(=O)N(C)CCCC(=O)O)=c1cc2c(cc1O3)=[N+](CC)C(C)(C)CC2C,1
CCN1C(=CC=CC=CC2=[N+](CC)c3ccccc3C2(C)C)C(C)(C)c2ccccc21,1
CCN1C(=CC=CC=CC=Cc2oc3ccccc3[n+]2CC)Oc2ccccc21,1
O=C(O)c1ccc(-c2c3ccc4cc(O)ccc4c3oc3c2ccc2cc(=O)ccc23)c(C(=O)O)c1,1
CC[N+]1=C(C=CC=CC=C2N(CCCCCC(=O)ON3C(=O)CCC3=O)c3ccc(S(=O)(=O)O)cc3C2(C)C)C(C)(C)c2cc(S(=O)(=O)[O-])ccc21,1
CC[N+]1=C(C=CC=CC=CC=C2N(CCCCCC(=O)ON3C(=O)CCC3=O)c3ccc(S(=O)(=O)O)cc3C2(C)C)C(C)(C)c2cc(S(=O)(=O)[O-])ccc21,1
COc1ccc(N(c2ccc(C#Cc3cc(C#N)c(C#Cc4cc(C#N)ccc4C#N)cc3C#N)cc2)c2ccc(OC)cc2)cc1,1
COc1ccc(-c2ccc(N(c3ccc(C#Cc4cc(C#N)c(C#Cc5cc(C#N)ccc5C#N)cc4C#N)cc3)c3ccc(-c4ccc(OC)cc4)cc3)cc2)cc1,1
CC(C)(C)NC(=O)C(OC(=O)c1ccccc1)c1ccc(C2=C3C=CC=[N+]3[B-](F)(F)n3cccc32)s1,1
Cc1ccc(-c2nc(N3CCCCC3)sc2-c2ccc([N+](=O)[O-])s2)cc1,1
O=[N+]([O-])c1ccc(-c2sc(N(c3ccccc3)c3ccccc3)nc2-c2cc3ccccc3o2)s1,1
N#CC(C#N)=Cc1ccc(-c2sc(N(c3ccccc3)c3ccccc3)nc2-c2ccccc2)s1,1
c1ccc(N(c2ccccc2)c2ccc(-c3ccc(-c4ccc(-c5ccc([P+](c6ccccc6)(c6ccccc6)c6ccccc6)cc5)cc4)cc3)cc2)cc1,1
C[P+](c1ccccc1)(c1ccccc1)c1ccc(-c2ccc(N(c3ccccc3)c3ccccc3)cc2)c2ccccc12,1
C[P+](c1ccccc1)(c1ccccc1)c1ccc(C#Cc2ccc(N(c3ccccc3)c3ccccc3)cc2)c2ccccc12,1
C(#Cc1ccc([P+](CCC[P+](c2ccccc2)(c2ccccc2)c2ccc(N(c3ccccc3)c3ccccc3)cc2)(c2ccccc2)c2ccccc2)c2ccccc12)c1ccc(N(c2ccccc2)c2ccccc2)cc1,1
O=[N+]([O-])c1ccc(C=Cc2ccc(-c3cc4ccccc4s3)s2)cc1,1
N#CC(C#N)=Cc1ccc(C=Cc2ccc(-c3cc4ccccc4s3)s2)cc1,1
CCn1c2ccccc2c2cc(C=CC3=C(S(=O)(=O)c4ccccc4)C(=C(C#N)C#N)OC3(C)C)ccc21,1
CC1(C)OC(=C(C#N)C#N)C(S(=O)(=O)c2ccccc2)=C1C=Cc1ccc(-n2c3ccc(C(C)(C)C)cc3c3cc(C(C)(C)C)ccc32)cc1,1
CCC1(CC)c2ccc(C=CC3=C(S(=O)(=O)c4ccccc4)C(=C(C#N)C#N)OC3(C)C)cc2-c2ccc(N(c3ccccc3)c3ccccc3)cc21,1
CN(C)c1ccc2c(c1)C(C)(C)c1cc(C(=O)c3cn(C4CC(O)C(CO)O4)nn3)ccc1-2,1
CCCCN(CCCC)c1cc(OC)c(C=Cc2ccc(C=Cc3ccnc(-c4cc(C)ccn4)c3)cc2)cc1OC,1
COc1cc(N2CCCC2)c(OC)cc1C=Cc1ccc(C=Cc2ccnc(-c3cc(C)ccn3)c2)cc1,1
CCN(CC)c1ccc2cc(-c3cc(-c4ccccc4C(=O)OCc4cn(C5OC(CO)C(O)C(O)C5O)nn4)c4ccc(N(CC)CC)cc4[o+]3)c(=O)oc2c1,1
CCN(CC)c1ccc2cc(C=CC3=[N+](Cc4ccccc4B(O)O)c4ccccc4C3(C)C)c(=O)oc2c1,1
CCN(CC)c1ccc2cc(C=CC3=CC(=C(C#N)C#N)CC(C)(C)C3)c(=O)oc2c1,1
Cc1cc(C=Cc2sc3ccccc3[n+]2C)c(O)c(-c2nc3ccccc3s2)c1,1
CN(C)c1cccc2c(S(=O)(=O)N3CCN(c4ccc(C=CC5=CC(=C(C#N)C#N)CC(C)(C)C5)cc4)CC3)cccc12,1
C[Si]1(C)c2c(cc3c4c2CCCN4CCC3)C(N2CCN=C2Nc2ccccc2)=c2cc3c4c(c21)CCC[N+]=4CCC3,1
CN(C)c1ccc2c(c1)Sc1cc(N(C)C)ccc1N2C=O,1
O=c1ccc2c(ccc3c(-c4ccc(S(=O)(=O)[O-])cc4S(=O)(=O)[O-])c4ccc5cc([O-])ccc5c4oc32)c1,1
COc1ccc2c(c1)CCc1cc3c([o+]c1-2)-c1ccc(N(C)C)cc1CC3,1
CN(C)c1ccc2c(c1)CCc1cc3c([o+]c1-2)-c1ccc(N)cc1CC3,1
CN(C)c1ccc2c(c1)CCc1cc3c([o+]c1-2)-c1ccc(N(C)C)cc1CC3,1
CCN(CC)c1ccc2cc(C=Cc3cc[n+](C)c4ccccc34)c(=O)oc2c1,1
CC1(C)C(C=CC2=Cc3c(ccc4ccccc34)OC2)=[N+](CCCS(=O)(=O)[O-])c2ccccc21,1
O=c1oc2c3c4c(cc2cc1-c1ccc2cc5c6c(c2[o+]1)CCCN6CCC5)CCCN4CCC3,1
C[N+]1=C(C=Cc2cc(-c3nc4ccccc4s3)c(O)c3ccccc23)C(C)(C)c2ccccc21,1
C1=c2cc3c4c(c2Oc2cc5cc(NCCN6CCOCC6)ccc5cc21)CCC[N+]=4CCC3,1
CC[N+]1=C(C=CC2=Cc3c(ccc4ccccc34)OC2)C(C)(C)c2ccccc21,1
CCN(CC)c1ccc(C=CC2=CC(=C(C#N)C#N)CC(C)(C)C2)c(O)c1,1
CCN(CC)c1ccc(C=CC2=CC(=C(C#N)C#N)CC(C)(C)C2)c(Oc2ccc([N+](=O)[O-])c3nonc23)c1,1
COc1ccc(C=CC2=[N+]3C(=C(c4ccc(OS(=O)(=O)c5ccc([N+](=O)[O-])cc5[N+](=O)[O-])cc4)c4c(C)cc(C=Cc5ccc(OC)cc5)n4[B-]3(F)F)C(C)=C2)cc1,1
CCN(CC)c1ccc2cc(-c3cc(-c4ccccc4C(=O)Sc4cc(C(F)(F)F)cc(C(F)(F)F)c4)c4ccc(N(CC)CC)cc4[o+]3)c(=O)oc2c1,1
CCN1C(=CC=CC2=[N+](CC(=O)N3CCN(C(=O)CCCCCN4C(=CC=CC=CC5=[N+](CC)c6ccccc6C5(C)C)C(C)(C)c5ccccc54)CC3)c3ccccc3C2(C)C)C(C)(C)c2ccccc21,1
CCN(CC)c1ccc2c(-c3ccccc3C(=O)O)c3c([o+]c2c1)C(=CC=Cc1ccc(OC)cc1)CCC3,1
CCCCC(CC)CN1c2ccccc2Sc2cc(C=c3sc(=C(C#N)C#N)n(-c4ccccc4)c3=O)ccc21,1
C[N+]1=C(C=Cc2cc3cc4c5c(c3oc2=O)CCCN5CCC4)C(C)(C)c2ccccc21,1
CN(C(=O)OCc1ccc([N+](=O)[O-])cc1)C1=c2cc3c4c(c2[Si](C)(C)c2c1cc1c5c2CCCN5CCC1)CCC[N+]=4CCC3,1
CNC1=c2cc3c4c(c2[Si](C)(C)c2c1cc1c5c2CCCN5CCC1)CCC[N+]=4CCC3,1
C=CCOC(=O)Oc1ccc2c(c1)OC1=C(C=CC3=[N+](CC)c4ccc5ccccc5c4C3(C)C)CCCC1=C2,1
CN1C2=C(C=CC3=[N+](C)c4ccccc4C3(C)C)CCCC2=C(Cl)c2ccccc21,1
CN1C(=CC=C2CCCC(C=CC3=[N+](CCO)c4ccccc4C3(C)C)=C2Cl)C(C)(C)c2cc(C(=O)NCC[NH+]3CCOCC3)ccc21,1
CC1(C)CC(C=Cc2ccc(O)c(C([O-])C#N)c2)=CC(=C(C#N)C#N)C1,1
CC1(C)CC(C=Cc2ccc(OP(=S)(c3ccccc3)c3ccccc3)cc2)=CC(=C(C#N)C#N)C1,1
O=c1oc2c(C=NNc3ccc([N+](=O)[O-])c4nonc34)c(O)ccc2cc1-c1nc2ccccc2s1,1
Cc1ccc(S(=O)(=O)NCCC(=O)N2CCN(c3ccc(C=CC4=CC(=C(C#N)C#N)CC(C)(C)C4)c(O)c3)CC2)cc1,1
CCN(CC)c1ccc2cc(C=Cc3cc[n+](Cc4ccc(Oc5ccc([N+](=O)[O-])cc5[N+](=O)[O-])cc4)cc3)c(=O)oc2c1,1
CCCCN1C(=O)c2cccc3c4c(cc(c23)C1=O)C(C)(C)C(C=Cc1ccc(N(CC)CC)cc1)=N4,1
CC[n+]1c(C=Cc2cc(O)c(-c3nc4ccccc4s3)cc2C=O)sc2ccccc21,1
NN=CC1=CNC=C(C=NN)C1c1ccccc1,1
Cc1cc(C=Cc2ccc([O-])cc2)n2c1C=C1C=CC=[N+]1[B-]2(F)F,1
CCCCCCN1C(=O)C2=C(c3cc[n+](Cc4ccc(NC(=O)C(N)CC(C)C)cc4)cc3)N(CCCCCC)C(=O)C2=C1c1ccccc1,1
CC1(C)C(C=CC2=C3Oc4cc(O)ccc4C=C3CCC2)=[N+](CCCS(=O)(=O)[O-])c2ccccc21,1
CN(C)C(=O)Oc1ccc(C=CC2=CC(=C(C#N)C#N)CC(C)(C)C2)cc1,1
CC[n+]1ccc(C=Cc2ccc(-c3ccc(N(c4ccccc4)c4ccccc4)cc3)cc2O)c2ccccc21,1
CC[n+]1ccc(C=Cc2ccc(-c3ccc(N(c4ccccc4)c4ccccc4)cc3)cc2OCc2ccc([N+](=O)[O-])cc2)c2ccccc21,1
CC1(C)CC(C=Cc2ccc(O)c(N)c2)=CC(=C(C#N)C#N)C1,1
CC1(C)C2=C(Cl)C(=O)C(Cl)=CC2=Nc2ccc(O)cc21,1
CC1(C)C(=CC=CC=CC=CC2=[N+](CCCCCC(=O)NCCCNCCCNCCCCNCCCN)c3ccc4ccccc4c3C2(C)C)N(CCCCCC(=O)NCCCNCCCNCCCCNCCCN)c2ccc3ccccc3c21,1
CC1(C)CC(C=Cc2ccc(NC(=O)C(N)CC(=O)OCc3ccccc3)cc2)=CC(=C(C#N)C#N)C1,1
CCCCOC(=O)CC[NH+]1c2ccccc2C(C)(C)C1C=CC1=C2Oc3cc(O)ccc3C=C2CCC1,1
O=C(O)C(CS)Nc1ccc([N+](=O)[O-])c2nonc12,1
CCN(CC)c1ccc2c(c1)OCc1cc3cc(-c4ccc5cc6c7c(c5[o+]4)CCCN7CCC6)ccc3nc1-2,1
CCN(CC)c1ccc2c(c1)OCc1cc3cc(-c4ccc5cc6c7c(c5[o+]4)CCCN7CCC6)ccc3[n+](C)c1-2,1
CCN(CCn1cc(CNC(=O)CCCCC2SCC3NC(=O)NC32)nn1)c1ccc2cc(C=CC3=[N+](CCCS(=O)(=O)[O-])c4ccc5ccccc5c4C3(C)C)c(=O)oc2c1,1
CCc1c(C)c(C2=C3C=CC(=[N+](C)C)C=C3[Si](C(C)C)(C(C)C)c3cc(N(C)C)ccc32)n(O)c1C,1
CC1(C)C(C=CC2=C3Oc4cc(OC(=O)c5ccccc5P(c5ccccc5)c5ccccc5)ccc4C=C3CCC2)=[N+](CCCOC(=O)CCCCC2SCC3NC(=O)NC32)c2ccccc21,1
CC1(C)C(C=CC2=C3Oc4cc(O)ccc4C=C3CCC2)=[N+](CCCOC(=O)CCCCC2SCC3NC(=O)NC32)c2ccccc21,1
CCN1C(=CC=C2CCCC(C=CC3=[N+](CC)c4ccccc4C3(C)C)=C2Nc2ccc([Se](=O)c3ccccc3)cc2)C(C)(C)c2ccccc21,1
C=CC(=O)Oc1ccc2c(c1)OC1=C(C=CC3=CC(=C(C#N)C#N)CC(C)(C)C3)CCCC1=C2,1
CC1(C)CC(C=CC2=C3Oc4cc(O)ccc4C=C3CCC2)=CC(=C(C#N)C#N)C1,1
CC1(C)CC(C=CC2=C3Oc4cc(O)ccc4C=C3CC2)=CC(=C(C#N)C#N)C1,1
CC[N+]1=C(C=CC2C=C3Oc4cc(O)ccc4C=C3CC2)C(C)(C)c2ccccc21,1
CCN(CC)c1ccc2c(-c3ccccc3C(=O)O)c3c([o+]c2c1)C(=CC=C1C=C(c2ccccc2)Oc2cc4c(cc21)N(CC)C1CCCCC1N4CC)CC3,1
CCN(CC)c1ccc2c(-c3ccccc3C(=O)O)c3c([o+]c2c1)C(=CC=C1C=C(c2ccccc2)Oc2cc4c(cc21)N(CC)C1CCCCC1N4CC)CCC3,1
CN(C)c1ccc2c(c1)OC(c1ccccc1)=CC2=Cc1cc(-c2ccccc2)[o+]c2cc(N(C)C)ccc12,1
CN(C)c1ccc2c(c1)OC(c1ccccc1)=CC2=CC=Cc1cc(-c2ccccc2)[o+]c2cc(N(C)C)ccc12,1
CN(C)c1ccc2c(c1)OC(c1ccccc1)=CC2=CC=C1CCCC(C=Cc2cc(-c3ccccc3)[o+]c3cc(N(C)C)ccc23)=C1Cl,1
CN(C)c1ccc2c(c1)OC(c1ccccc1)=CC2=CC=CC=Cc1cc(-c2ccccc2)[o+]c2cc(N(C)C)ccc12,1
CC[n+]1ccc(C=CC2=C3Oc4cc(N(c5ccccc5)c5ccc(OCc6ccc([N+](=O)[O-])cc6)cc5)ccc4C=C3CCC2)c2ccccc21,1
CC[n+]1ccc(C=CC2=C3Oc4cc(N(c5ccccc5)c5ccc(O)cc5)ccc4C=C3CCC2)c2ccccc21,1
CCCCN(CCCC)c1ccc2c(c1)SC(c1ccc(OC)cc1)=CC2=CC=C1C=CC(=O)C(C=Cc2cc(-c3ccc(OC)cc3)[s+]c3cc(N(CCCC)CCCC)ccc23)=C1,1
CCn1c(=CC=C2CCCC(C=CC3=[N+](CC)c4cccc5cccc3c45)=C2Cl)c2cccc3cccc1c32,1
CC[N+]1=C(C=CC2=C3Oc4cc(OC(=O)OCc5ccc6c(c5)C=C5C(=O)CCC5O6)ccc4C=C3CCC2)C(C)(C)c2c1ccc1ccccc21,1
N#CC(C#N)=C1C=C(C=Cc2ccc(O)cc2OCc2cnnn2CCNC(=O)CCCCC2SCC3NC(=O)NC32)Oc2ccccc21,1
CC[N+]1=C(C=CC2=C3Oc4cc5c(cc4C=C3CCC2)-c2[nH]c3ccccc3[n+]2[B-](F)(F)O5)C(C)(C)c2ccccc21,1
CCC[N+]1=C(C=CC2=C3Oc4cc(O)c(C(=O)O)cc4C=C3CCC2)C(C)(C)c2ccccc21,1
CCC[N+]1=C(C=CC2=C3Oc4cc([O-])c(CN5CCOCC5)cc4C=C3CCC2)C(C)(C)c2ccccc21,1
CC1(C)C(C=Cc2ccc(N(c3ccccc3)c3ccccc3)cc2)=Nc2ccc3ccccc3c21,1
C[N+]1=C(C=CC2=C3Oc4cc(O)c(Cl)cc4C=C3CCC2)C(C)(C)c2ccccc21,1
C[N+]1=C(C=CC2=C3Oc4cc(O)c(F)cc4C=C3CCC2)C(C)(C)c2ccccc21,1
CCCCCC[Si](C#CC1=C(C)C2=C(c3c(C)cc(C)cc3C)c3c(C)c(C#C[Si](CCCCCC)(CCCCCC)CCCCCC)c(C=Cc4ccc(OC)cc4)n3[B-](F)(F)[N+]2=C1C=Cc1ccc(OC)cc1)(CCCCCC)CCCCCC,1
CC[N+]1=C(C=CC2=C3Cc4cc(O)c(-c5nc6ccccc6[nH]5)cc4C=C3CCC2)C(C)(C)c2ccccc21,1
CC[N+]1=C(C=CC2=C3Oc4cc(NC(=O)C(=O)c5ccc([N+](=O)[O-])cc5)ccc4C=C3CCC2)C(C)(C)c2ccccc21,1
CC[N+]1=C(C=CC2=C3Oc4cc([O-])c(Cl)cc4C=C3CCC2)C(C)(C)c2ccccc21,1
CCC[N+]1=C(C=CC2=C3Oc4cc(O)c(Cl)cc4C=C3CCC2)C(C)(C)c2ccccc21,1
CCCN1C(=CC(C2=C3Oc4cc(O)ccc4C=C3CCC2)S(=O)(=O)O)C(C)(C)c2ccccc21,1
C[n+]1ccc(C=Cc2cccc(-c3nc4ccccc4s3)c2O)cc1,1
CC[n+]1c(C=CC2=C3Oc4cc(O)ccc4C=C3CCC2)sc2ccccc21,1
O=C(O)c1ccccc1-c1c2ccc3cc(O)ccc3c2oc2c1ccc1cc(=O)ccc12,1
COc1ccc2c(c1)CCC1=CC3=C(c4cc[n+](Cc5ccc(Oc6ccc([N+](=O)[O-])c7nonc67)cc5)cc4)c4cc5c(n4[B-](F)(F)[N+]3=C12)-c1ccc(OC)cc1CC5,1
CC[N+]1=C(C=CC2=C(Cl)c3ccc(O)cc3CC2)C(C)(C)c2c1ccc1ccccc21,1
CC[N+]1=C(C=CC2=C3Oc4cc([O-])ccc4C=C3CCC2)C(C)(C)c2ccccc21,1
CC[n+]1c(C=CC2=C3Sc4cc(O)ccc4C=C3CCC2)sc2ccccc21,1
CC[n+]1c(C=CC2=C3Sc4cc(N)ccc4C=C3CCC2)sc2ccccc21,1
CC[N+]1=C(C=CC2=C3Sc4cc(N)ccc4C=C3CCC2)C(C)(C)c2ccccc21,1
CC[N+]1=C(C=CC2=C3Sc4cc(O)ccc4C=C3CCC2)C(C)(C)c2c1ccc1ccccc21,1
CC[N+]1=C(C=CC2=C3Sc4cc(OCc5ccc([N+](=O)[O-])cc5)ccc4C=C3CCC2)C(C)(C)c2ccccc21,1
CC[N+]1=C(C=CC2=C3Sc4cc(O)ccc4C=C3CCC2)C(C)(C)c2ccccc21,1
COC(=O)CC[N+](CCC(=O)OC)=c1ccc2nc3c(cc(N)c4ccccc43)oc-2c1,1
CC(C)CC(N)C(=O)NCCCOc1ccc(COc2cc3c(cc2Br)C=C2CCCC(C=CC4=[N+](C)c5ccccc5C4(C)C)=C2O3)cc1,1
C[N+]1=C(C=CC2=C3Oc4cc(OCc5ccc(OCCCN)cc5)c(Br)cc4C=C3CCC2)C(C)(C)c2ccccc21,1
CC(C)CC(N)C(=O)Nc1ccc(COc2cc3c(cc2Br)C=C2CCCC(C=CC4=[N+](C)c5ccccc5C4(C)C)=C2O3)cc1,1
CCC[N+]1=C(C=CC2=C3Oc4cc([O-])ccc4C=C3CCC2)C(C)(C)c2ccccc21,1
CC[N+]1=C(C=CC2=C3Oc4cc(OC(=O)N(C)C)ccc4C=C3CCC2)C(C)(C)c2ccccc21,1
CC[N+]1=C(C=CC=CC=C2N(CCCCCC(=O)NCCC3=CC4Cc5nc6cc(Cl)ccc6c(N)c5C(C3)C4)c3ccc(S(=O)(=O)O)cc3C2(C)C)C(C)(C)c2cc(S(=O)(=O)[O-])ccc21,1
CC[N+]1=C(C=CC=CC=C2N(CCCCCC(=O)NCCCCC3=CC4Cc5nc6cc(Cl)ccc6c(N)c5C(C3)C4)c3ccc(S(=O)(=O)O)cc3C2(C)C)C(C)(C)c2cc(S(=O)(=O)[O-])ccc21,1
C[N+]1=C(C=CC2=C3Oc4cc(NS(=O)(=O)c5ccc(C#N)cc5[N+](=O)[O-])ccc4C=C3CCC2)C(C)(C)c2ccccc21,1
CC[N+]1=C(C=CC2=C3Oc4cc(N)ccc4C=C3CCC2)C(C)(C)c2cc(I)ccc21,1
CC[N+]1=C(C=CC2=C3Oc4cc(O)ccc4C=C3CCC2)C(C)(C)c2cc(I)ccc21,1
Cc1ccccc1C1=C2C=CC(=[N+](C)C)C=C2P(=O)([O-])c2cc(N(C)C)ccc21,1
Cc1ccccc1C1=c2cc3c4c(c2P(=O)([O-])c2c1cc1c5c2CCCN5CCC1)CCC[N+]=4CCC3,1
CCOP1(=O)C2=CC(=[N+](C)C)C=CC2=C(c2ccccc2C)c2ccc(N(C)C)cc21,1
CCOP1(=O)c2c(cc3c4c2CCCN4CCC3)C(c2ccccc2C)=c2cc3c4c(c21)CCC[N+]=4CCC3,1
CCOP1(=O)C2=CC(=[N+](C)C)C=CC2=C(c2ccccc2CS(=O)(=O)[O-])c2ccc(N(C)C)cc21,1
CN(C)c1ccc2c(c1)P(=O)([O-])C1=CC(=[N+](C)C)C=CC1=C2c1ccccc1CS(=O)(=O)[O-],1
CCNc1cc2c(cc1C)C(C=C1N(CC)c3ccccc3C1(C)C)=C1CCCC(C=CC3=[N+](CC)c4ccccc4C3(C)C)=C1O2,1
CCNc1ccc2c(c1)OC1=C(C=CC3=[N+](CC)c4ccccc4C3(C)C)CCCC1=C2C=C1N(CC)c2ccccc2C1(C)C,1
CCN1C(=CC2=C3CCCC(C=CC4=[N+](CC)c5ccccc5C4(C)C)=C3Oc3c2cc2c4c3CCCN4CCC2)C(C)(C)c2ccccc21,1
CCN1C(=CC2=C3CCCC(C=CC4=[N+](CC)c5ccccc5C4(C)C)=C3Oc3cc(O)ccc32)C(C)(C)c2ccccc21,1
C[N+]1=C(C=CC2=C3Oc4cc(O)ccc4C=C3CCC2)C(C)(C)c2cc(I)ccc21,1
CC1(C)C(C=CC2=C3Oc4cc(O)ccc4C=C3CCC2)=[N+](CCCCCC(=O)NCCN2C(=O)C=CC2=O)c2ccccc21,1
C=CCN(CC=C)c1ccc2c(c1)OC1=C(C=CC3=[N+](C)c4ccccc4C3(C)C)CCCC1=C2,1
CN(c1ccccc1)c1ccc2c(c1)OC1=C(C=CC3=[N+](C)c4ccccc4C3(C)C)CCCC1=C2,1
COc1ccc(N(c2ccc(OC)cc2)c2ccc3c(c2)OC2=C(C=CC4=[N+](C)c5ccccc5C4(C)C)CCCC2=C3)cc1,1
C[N+]1=C(C=CC2=C3Oc4cc(O)c(Br)cc4C=C3CCC2)C(C)(C)c2ccccc21,1
CCN(CC)c1ccc2c(-c3ccccc3C(=O)O)c3c([o+]c2c1)C(=Cc1ccc(N(CCSCCOC(C)=O)CCSCCOC(C)=O)cc1)CCC3,1
CCCCN(CCCC)c1ccc(C2=C([O-])C(=C3C=CC(=[N+](CCCC)CCCC)C=C3)C2=O)cc1,1
C=CCN(C)c1ccc([N+](=O)[O-])c2c1=NC(C)(C)N=2,1
CC[NH+]=c1cc2oc3c4c5c(cc3nc-2cc1C)CCCN5CCC4,1
CC[N+](CC)=c1ccc2nc3cc4c5c(c3oc-2c1)CCCN5CCC4,1
c1c2c3c(c4c1N=c1cc5c6c(c1O4)CCC[N+]=6CCC5)CCCN3CCC2,1
CC1=CC(C)(C)Nc2cc3c(cc21)N=c1cc2c(cc1O3)=[NH+]C(C)(C)C=C2C,1
CCN1c2cc3c(cc2C(C)=CC1(C)C)N=c1cc2c(cc1O3)=[N+](CC)C(C)(C)C=C2C,1
CC[NH+]=c1cc2oc3cc4c(cc3nc-2cc1C)OCCN4CC,1
CCN1CCc2cc3c(cc21)Oc1cc2c(cc1=N3)CC[N+]=2CC,1
CC[N+](CC)=C1C=CC(=C2C=C(c3ccccc3C(=O)O)c3cc4c5c(c3O2)CCCN5CCC4)C=C1,1
CC[N+](CC)=C1C=CC(=CC=C2C=C(c3ccccc3C(=O)O)c3cc4c5c(c3O2)CCCN5CCC4)C=C1,1
CCN(CC)c1ccc2c(c1)OC(=CC=C1C=CC(=[N+](CC)CC)C=C1)C=C2c1ccccc1C(=O)O,1
CCN(CC)c1ccc2c3c(ccc2c1)N=c1cc2c(cc1O3)=[NH+]CCC2,1
CC[NH+]=c1cc2oc3c(ccc4cc(N(CC)CC)ccc43)nc-2c(C)c1,1
CN1C(=CC=C2CCc3c2[o+]c2cc(O)c(F)cc2c3-c2ccccc2C(=O)O)C(C)(C)c2ccccc21,1
CCN(CC)c1ccc2c(-c3ccccc3C(=O)O)c3c([o+]c2c1)C(=Cc1ccc(O)c(Cl)c1)CCC3,1
CCCCCCCCc1c(-c2ccc(-c3ccc(OCCCCCC)cc3OCCCCCC)cc2)c(C2=C([O-])C(=CC3=[N+](CCCCCCCC)c4ccc(C(=O)O)cc4C3(C)C)C2=O)n2ccc(-c3ccc(OCCCCCC)cc3OCCCCCC)cc12,1
COc1ccc(C2=C(C)c3cccc[n+]3C2=C2C(=O)C(c3c(-c4ccc(OC)cc4)c(C)c4ccccn34)=C2[O-])cc1,1
CC1=CC(=CC2=C([O-])C(=Cc3cc(C)[o+]c(C)c3)C2=C(C#N)C#N)C=C(C)O1,1
CCCCN1C(=CC2=C([O-])C(=CC3=[N+](CCCC)c4ccc5ccccc5c4C3(C)C)C2=C(C#N)C#N)C(C)(C)c2c1ccc1ccccc21,1
CC(C)N1C(=CC2=C([O-])C(=CC3=[N+](C(C)C)c4ccccc4C3(C)C)C2=C(C#N)C#N)C(C)(C)c2ccccc21,1
CC(C)N1C(=CC2=C([O-])C(=CC3=[N+](C(C)C)c4ccccc4C3(C)C)C2=C2C(=O)c3ccccc3C2=O)C(C)(C)c2ccccc21,1
CC(C)N1C(=CC2=C([O-])C(=CC3=[N+](C(C)C)c4ccccc4C3(C)C)C2=C2C(=O)c3ccccc3C2=C(C#N)C#N)C(C)(C)c2ccccc21,1
CC1(c2ccccc2)Nc2cccc3ccc(C4=C([O-])C(=c5ccc6cccc7c6c5=[NH+]C(C)(c5ccccc5)N7)C4=O)c(c23)N1,1
CC1(c2ccccc2)Nc2cccc3ccc(C4=C([O-])C(=c5ccc6c7c(cccc57)NC(C)(c5ccccc5)[NH+]=6)C4=O)c(c23)N1,1
COc1ccc(CN2C(=CC3=C([O-])C(=CC4=[N+](Cc5ccc(OC)cc5)c5ccc6ccccc6c5C4(C)C)C3=O)C(C)(C)c3c2ccc2ccccc32)cc1,1
CC1(C)C(=CC2=C([O-])C(=CC3=[N+](Cc4ccc([N+](=O)[O-])cc4)c4ccc5ccccc5c4C3(C)C)C2=O)N(Cc2ccc([N+](=O)[O-])cc2)c2ccc3ccccc3c21,1
CCCCCCCCN1C(=CC2=C([O-])C(=CC3=[N+](CCCCCCCC)c4ccccc4C3(C)C)C2=C(C#N)C#N)C(C)(C)c2ccccc21,1
CCCCCCCCN1C(=CC2=C([O-])C(=CC3=[N+](CCCCCCCC)c4ccccc4C3(C)C)C2=C(C#N)C#N)Sc2ccccc21,1
CCN1C(=CC2=C([O-])C(=CC3=[N+](CC)c4ccccc4C3(C)C)C2=O)C(C)(C)c2c1ccc1ccccc21,1
CC1(C)C(=CC2=C([O-])C(=CC3=[NH+]c4ccc(S(=O)(=O)O)cc4C3(C)C)C2=O)Nc2ccc(S(=O)(=O)O)cc21,1
CC1(CCCCCC(=O)O)C(=CC2=C([O-])C(=CC3=[NH+]c4ccc(S(=O)(=O)O)cc4C3(C)CCCCCC(=O)O)C2=C2C(=O)NC(=O)NC2=O)Nc2ccc(S(=O)(=O)O)cc21,1
CC1(CCCCCC(=O)O)C(=CC2=C([O-])C(=CC3=[NH+]c4ccc(S(=O)(=O)O)cc4C3(C)CCCCCC(=O)O)C2=C(C#N)C#N)Nc2ccc(S(=O)(=O)O)cc21,1
CC1(CCCCCC(=O)O)C(=CC2=C([O-])C(=CC3=[NH+]c4ccc5c(S(=O)(=O)O)cc(S(=O)(=O)O)cc5c4C3(C)CCCCCC(=O)O)C2=O)Nc2ccc3c(S(=O)(=O)O)cc(S(=O)(=O)O)cc3c21,1
CC1(CCCCCC(=O)O)C(=CC2=C([O-])C(=CC3=[NH+]c4ccc5c(S(=O)(=O)O)cc(S(=O)(=O)O)cc5c4C3(C)CCCCCC(=O)O)C2=C2C(=O)NC(=O)NC2=O)Nc2ccc3c(S(=O)(=O)O)cc(S(=O)(=O)O)cc3c21,1
CC1(CCCCCC(=O)O)C(=CC2=C([O-])C(=CC3=[NH+]c4ccc5c(S(=O)(=O)O)cc(S(=O)(=O)O)cc5c4C3(C)CCCCCC(=O)O)C2=C(C#N)C#N)Nc2ccc3c(S(=O)(=O)O)cc(S(=O)(=O)O)cc3c21,1
CC1(C)C(=CC2=C([O-])C(=CC3=[N+](CCCCCC[n+]4ccccc4)c4ccccc4C3(C)C)C2=C(C#N)C#N)N(CCCCCC[n+]2ccccc2)c2ccccc21,1
CCN(CC)c1ccc(C2=C(O)C(=CC3=Nc4ccccc4C3(C)C)C2=O)cc1,1
CCCCN(CCCC)c1ccc(C2=C(O)C(=CC3=Nc4ccccc4C3(C)C)C2=O)cc1,1
CCCCCN(CCCCC)c1ccc(C2=C(O)C(=CC3=Nc4ccccc4C3(C)C)C2=O)cc1,1
CCCCCCN(CCCCCC)c1ccc(C2=C(O)C(=CC3=Nc4ccccc4C3(C)C)C2=O)cc1,1
CCCCCCCN(CCCCCCC)c1ccc(C2=C(O)C(=CC3=Nc4ccccc4C3(C)C)C2=O)cc1,1
CCCCCCCCCN(CCCCCCCCC)c1ccc(C2=C(O)C(=CC3=Nc4ccccc4C3(C)C)C2=O)cc1,1
CC1(C)C(C=C2C(=O)C(c3ccc(N(Cc4ccccc4)Cc4ccccc4)cc3)=C2O)=Nc2ccccc21,1
CCCCCCCCCCCCN1C=CC(=CC2=C([O-])C(=Cc3cc[n+](CCCCCCCCCCCC)c4ccccc34)C2=C(C#N)C#N)c2ccccc21,1
CCCCCCCCCCCCN1C=CC(=CC2=C([O-])C(=Cc3cc[n+](CCCCCCCCCCCC)c4cc(Cl)ccc34)C2=C(C#N)C#N)c2ccc(Cl)cc21,1
O=C1C(c2ccc3c4c(cccc24)NC(C(=O)c2ccccc2)(c2ccccc2)N3)=C([O-])C1C1C=CC2=[NH+]C(C(=O)c3ccccc3)(c3ccccc3)Nc3cccc1c32,1
CC1(c2ccc(-c3ccccc3)cc2)Nc2cccc3c(C4=C([O-])C(C5C=CC6=[NH+]C(C)(c7ccc(-c8ccccc8)cc7)Nc7cccc5c76)C4=O)ccc(c23)N1,1
CCOC(C=c1sc(=CC=C2Sc3ccccc3N2CC)c(=O)n1CC)=C1SC(=S)N(CC)C1=O,1
CCN1C(=CC2=C([O-])C(C=C3N(CC)c4cccc(Cl)c4C3(C)C)=C2[O-])C(C)(C)c2c(Cl)cccc21,1
CCN1C(=CC2=C([O-])C(C=C3N(CC)c4cc(Cl)ccc4C3(C)C)=C2[O-])C(C)(C)c2ccc(Cl)cc21,1
CCN1c2ccc(C(=O)O)cc2C(C)(C)C1CC1=C([O-])C(=c2ccc3c4c(cccc24)NC(CC)(CC)[NH+]=3)C1=O,1
CCCCC1(CCCC)Nc2cccc3c(=C4C(=O)C(CC5N(CC)c6ccc(C(=O)O)cc6C5(C)C)=C4[O-])ccc(c23)=[NH+]1,1
CCN1c2ccc3cc(C(=O)O)ccc3c2C(C)(C)C1CC1=C([O-])C(=c2ccc3c4c(cccc24)NC(CC)(CC)[NH+]=3)C1=O,1
CCCCC1(CCCC)Nc2cccc3c(=C4C(=O)C(CC5N(CC)c6ccc7cc(C(=O)O)ccc7c6C5(C)C)=C4[O-])ccc(c23)=[NH+]1,1
CC1(C)C(=CC2=C([O-])C(=CC3=[NH+]c4ccc(S(=O)(=O)O)cc4C3(C)C)C2=C(C#N)C#N)Nc2ccc(S(=O)(=O)O)cc21,1
CC1(C)C(=CC2=C([O-])C(=CC3=[NH+]c4ccc(S(=O)(=O)O)cc4C3(C)C)C2=C2C(=O)NC(=O)NC2=O)Nc2ccc(S(=O)(=O)O)cc21,1
CN1C(=CC=CC=CC2=[N+](C)c3cc4c(cc3C2(C)C)OCO4)C(C)(C)c2cc3c(cc21)OCO3,1
CC(C)CCCC(C)CCN1C(=CC2=C([O-])C(=CC3=[N+](CCC(C)CCCC(C)C)c4ccc(B5OC(C)(C)C(C)(C)O5)cc4C3(C)C)C2=O)C(C)(C)c2cc(B3OC(C)(C)C(C)(C)O3)ccc21,1
CCCCCCCC[N+]1=C(C=C2C(=O)C(C=C3N(CC)c4ccccc4C3(C)C)=C2[O-])C(C)(C)c2cc(C(=O)O)ccc21,1
CCCCCCCC[N+]1=C(C=C2C(=O)C(C=C3N(CC)c4ccc5ccccc5c4C3(C)C)=C2[O-])C(C)(C)c2cc(C(=O)O)ccc21,1
CCCC[N+]1=C(C=C2C(=O)C(C=C3N(CC)c4ccccc4C3(C)C)=C2[O-])C(C)(C)c2cc(C=C(C#N)C(=O)O)ccc21,1
CCCC[N+]1=C(C=C2C(=O)C(C=C3N(CC)c4ccccc4C3(C)C)=C2[O-])C(C)(C)c2cc(-c3ccc(C=C(C#N)C(=O)O)s3)ccc21,1
CCCCCC[N+]1=C(C=C2C(=O)C(c3ccc(N(c4ccc5c(c4)-c4ccccc4C5(CCCCCC)CCCCCC)c4ccc5c(c4)-c4ccccc4C5(CCCCCC)CCCCCC)cc3)=C2[O-])c2ccc(C(=O)O)c3cccc1c23,1
CCN1C(=CC2=C([O-])C(=CC3=[N+](CC)c4ccccc4C3(C)C)C2=O)C(C)(C)c2cc(-c3ccc(N(c4ccccc4)c4ccc(C(=O)O)cc4)cc3)ccc21,1
CCN1C(=CC2=C([O-])C(=CC3=[N+](CC)c4ccccc4C3(C)C)C2=O)C(C)(C)c2cc(-c3ccc(N(c4ccc(C(=O)O)cc4)c4ccc(C(=O)O)cc4)cc3)ccc21,1
CCCCCCCCCCCC[N+]1=C(C=C2C(=O)C(C=C3N(CC)c4ccccc4C3(C)C)=C2[O-])C(C)(C)c2cc(-c3ccc(C=C(C#N)P(=O)(O)O)s3)ccc21,1
CCCCCCCCCCCC[N+]1=C(C=C2C(=O)C(C=C3N(CC)c4ccccc4C3(C)C)=C2[O-])C(C)(C)c2cc(-c3cc4c(s3)c3sc(C=C(C#N)P(=O)(O)O)cc3n4CCCCCC)ccc21,1
CCCCCCCCCCCC[N+]1=C(C=C2C(=O)C(C=C3N(CC)c4ccccc4C3(C)C)=C2[O-])C(C)(C)c2cc(-c3cc4sc5cc(C=C(C#N)C(=O)O)sc5c4s3)ccc21,1
CCCCCCCCCCCC[N+]1=C(C=C2C(=O)C(C=C3N(CC)c4ccccc4C3(C)C)=C2[O-])C(C)(C)c2cc(-c3cc4sc5cc(C=C(C#N)P(=O)(O)O)sc5c4s3)ccc21,1
CCCCCCCCCCCC[N+]1=C(C=C2C(=O)C(C=C3N(CC)c4ccccc4C3(C)C)=C2[O-])C(C)(C)c2cc(-c3cc4c(s3)-c3sc(C=C(C#N)C(=O)O)cc3[Si]4(CC(CC)CCCC)CC(CC)CCCC)ccc21,1
CCCCCCCCCCCC[N+]1=C(C=C2C(=O)C(C=C3N(CC)c4ccccc4C3(C)C)=C2[O-])C(C)(C)c2cc(-c3cc4c(s3)-c3sc(C=C(C#N)P(=O)(O)O)cc3[Si]4(CC(CC)CCCC)CC(CC)CCCC)ccc21,1
CCCCCCCCCCCC[N+]1=C(C=C2C(=O)C(C=C3N(CC)c4ccccc4C3(C)C)=C2[O-])C(C)(C)c2cc(C#Cc3ccc4c5c(cccc35)C(=O)OC4=O)ccc21,1
CCCCCCCCCCCC[N+]1=C(C=C2C(=O)C(C=C3N(CC)c4ccccc4C3(C)C)=C2[O-])C(C)(C)c2cc(C#Cc3ccc(C(=O)O)c(C(=O)O)c3)ccc21,1
CCCCCCCCCCCC[N+]1=C(C=C2C(=O)C(C=C3N(CC)c4ccccc4C3(C)C)=C2[O-])C(C)(C)c2cc(C#Cc3ccc(C=C(C#N)C(=O)O)cc3)ccc21,1
CCCCCCCCCCCC[N+]1=C(C=C2C(=O)C(C=C3N(CC)c4ccccc4C3(C)C)=C2[O-])C(C)(C)c2cc(C#Cc3ccc(C=C(C#N)C(=O)O)s3)ccc21,1
CCCCCCCCCCCC[N+]1=C(C=C2C(=O)C(C=C3N(CC)c4ccccc4C3(C)C)=C2[O-])C(C)(C)c2cc(-c3ccc(C=C(C#N)C(=O)O)cc3)ccc21,1
CCCCCCCCCCCC[N+]1=C(C=C2C(=O)C(C=C3N(CC)c4ccccc4C3(C)C)=C2[O-])C(C)(C)c2cc(-c3ccc(C=C(C#N)C(=O)O)s3)ccc21,1
CCCCCCCCCCCC[N+]1=C(C=C2C(=O)C(C=C3N(CC)c4ccccc4C3(C)C)=C2[O-])C(C)(C)c2cc(-c3cc4c(s3)c3sc(C=C(C#N)C(=O)O)cc3n4CCCCCC)ccc21,1
CCCCCCCCCCCC[N+]1=C(C=C2C(=O)C(C=C3N(CC)c4ccccc4C3(C)C)=C2[O-])C(C)(C)c2cc(-c3cc4c(s3)-c3sc(C=C(C#N)C(=O)O)cc3C4(CCCCCC)CCCCCC)ccc21,1
CCCCCCCC[N+]1=C(C=C2C(=O)C(C=Cc3ccc(N(c4ccc(OCCCCCC)cc4)c4ccc(OCCCCCC)cc4)cc3)=C2[O-])C(C)(C)c2cc(C(=O)O)ccc21,1
CCCCCCOc1ccc(N(c2ccc(OCCCCCC)cc2)c2ccc(-c3ccc(-c4ccc(C5=C([O-])C(=CC6=[N+](CCCC)c7ccc(C(=O)O)cc7C6(C)C)C5=O)s4)s3)cc2)cc1,1
CCCCCCCC[N+]1=C(C=C2C(=O)C(c3ccc(-c4ccc(-c5ccc6c(c5)Sc5cc(-c7ccc(OCC(CC)CCCC)cc7)ccc5N6CCCCCC)s4)s3)=C2[O-])C(C)(C)c2cc(C(=O)O)ccc21,1
CCCCCCCC[N+]1=C(C=C2C(=O)C(c3ccc(-c4ccc5c(c4)Sc4cc(-c6ccc(OCC(CC)CCCC)cc6)ccc4N5CCCCCC)s3)=C2[O-])C(C)(C)c2cc(-c3ccc(C=C(C#N)C(=O)O)s3)ccc21,1
CCCCCCCCN1C(=CC2=C([O-])C(=CC3=[N+](CCCCCCCC)c4ccc(C(=O)O)cc4C3(C)C)C2=C(C#N)C(=O)OCC)C(C)(C)c2ccccc21,1
CCCCCCCCCC[N+]1=C(C=C2C([O-])=C(C=C3N(CCCC)c4ccc5ccccc5c4C3(C)C)C2=C(C#N)C#N)C(C)(C)c2cc(-c3cc4sc(C=C(C#N)C(=O)O)cc4s3)ccc21,1
CC(=O)OCCSCCN(CCSCCOC(C)=O)c1ccc(C2=C([O-])C(=C3C=CC(=[N+](CCSCCOC(C)=O)CCSCCOC(C)=O)C=C3)C2=O)cc1,1
CCCC[N+]1=C(C=C2C(=O)C(c3c(O)cc(N4CCCc5ccccc54)cc3O)=C2[O-])C(C)(C)c2c1ccc1ccccc21,1
CCCC[N+]1=C(C=C2C(=O)C(c3c(O)cc(N4CCc5ccccc54)cc3O)=C2[O-])C(C)(C)c2c1ccc1ccccc21,1
CCCC[N+]1=C(C=C2C(=O)C(c3c(O)cc(N4CCc5c(F)cc(F)cc54)cc3O)=C2[O-])C(C)(C)c2c1ccc1ccccc21,1
CCCC[n+]1c(C=C2C(=O)C(c3c(O)cc(N4c5ccccc5C5CCCC54)cc3O)=C2[O-])sc2ccccc21,1
CCCC[N+]1=C(C=C2C(=O)C(c3c(O)cc(N4c5ccccc5C5CCCC54)cc3O)=C2[O-])C(C)(C)c2ccccc21,1
CCCC[N+]1=C(C=C2C(=O)C(c3c(O)cc(N4c5ccccc5C5CCCC54)cc3O)=C2[O-])C(C)(C)c2cc(-c3cc4sc5ccsc5c4s3)ccc21,1
CCCCCCCC[N+]1=C(C=C2C(=O)C(c3ccc(-c4ccc(-c5ccc(N(c6ccc7c(c6)C(C)(C)c6ccccc6-7)c6ccc7c(c6)C(C)(C)c6ccccc6-7)cc5)s4)n3C)=C2[O-])C(C)(C)c2cc(-c3ccc(C=C(C#N)C(=O)OCCCCCC)s3)ccc21,1
CCCC[N+](CCCC)=C1C=CC(=C2C(=O)C(c3c(O)cc(N4c5ccc6ccccc6c5C5CCCC54)cc3O)=C2[O-])C=C1,1
Cc1ccc([N+]2=c3ccc(=C4C(=O)C(c5c(O)cc(N6c7ccc8ccccc8c7C7CCCC76)cc5O)=C4[O-])cc3C3CCCC32)cc1,1
CCCCCCc1cc(-c2sc(-c3ccc(C4=C([O-])C(=CC5=[N+](CCCCCC)c6ccccc6C5(C)C)C4=O)n3CCCCCC)cc2CCCCCC)sc1-c1ccc(N(c2ccccc2)c2ccccc2)cc1,1
CCCCCCc1cc(-c2sc(-c3ccc(C4=C([O-])C(=CC5=[N+](CCCCCC)c6ccccc6C5(C)C)C4=C(C#N)C#N)n3CCCCCC)cc2CCCCCC)sc1-c1ccc(N(c2ccccc2)c2ccccc2)cc1,1
CCCC[N+]1=C(C=C2C(=O)C(c3ccc(N4c5ccccc5C5CCCC54)cc3O)=C2[O-])C(C)(C)c2ccc3ccccc3c21,1
CCCC[N+]1=C(C=C2C([O-])=C(c3ccc(N4c5ccccc5C5CCCC54)cc3O)C2=C(C#N)C#N)C(C)(C)c2ccc3ccccc3c21,1
CCCCCCCC[N+]1=C(C=C2C(=O)C(C=C3N(C)c4c(ccc5c6c(ccc45)C(C)(C)C(C=C4C(=O)C(C=C5N(CC)c7ccc8ccccc8c7C5(C)C)=C4[O-])=[N+]6C)C3(C)C)=C2[O-])C(C)(C)c2cc(C(=O)O)ccc21,1
Cc1cc(C)c(C2=C3C=C(c4ccc[se]4)C=[N+]3[B-](F)(F)n3cc(-c4ccc[se]4)cc32)c(C)c1,1
Cc1cc(C)c(C2=C3C=C(c4cccs4)C(c4cccs4)=[N+]3[B-](F)(F)n3c2cc(-c2cccs2)c3-c2cccs2)c(C)c1,1
COc1c2nc(cc3cc(-c4cc(C(=O)OC(C)(C)C)cc(C(=O)OC(C)(C)C)c4)c(cc4nc(cc5cc(-c6cc(C(=O)OC(C)(C)C)cc(C(=O)OC(C)(C)C)c6)c1[nH]5)C(C)(C)C4)[nH]3)C(C)(C)C2,1
COc1c2nc(cc3cc(-c4cc(C(=O)O)cc(C(=O)O)c4)c(cc4nc(cc5cc(-c6cc(C(=O)O)cc(C(=O)O)c6)c1[nH]5)C(C)(C)C4)[nH]3)C(C)(C)C2,1
COC(=O)c1c(-c2cc(C(=O)O)cc(C(=O)O)c2)c2cc3nc(c(OC)c4[nH]c(cc5nc(cc1[nH]2)CC5(C)C)c(-c1cc(C(=O)O)cc(C(=O)O)c1)c4C(=O)OC)CC3(C)C,1
COc1c2nc(cc3[nH]c(cc4nc(cc5[nH]c1cc5-c1cc(C(=O)OC(C)(C)C)cc(C(=O)OC(C)(C)C)c1)C(C)(C)C4)cc3-c1cc(C(=O)OC(C)(C)C)cc(C(=O)OC(C)(C)C)c1)C(C)(C)C2,1
COc1c2nc(cc3[nH]c(cc4nc(cc5[nH]c1cc5-c1cc(C(=O)O)cc(C(=O)O)c1)C(C)(C)C4)cc3-c1cc(C(=O)O)cc(C(=O)O)c1)C(C)(C)C2,1
CCN(CC)c1ccc2c(c1)P(=O)(c1ccccc1)C1=CC(=O)C=CC1=C2c1c(OC)cc(C(=O)O)cc1OC,1
Cc1cc(C)c(B(c2cc3c(s2)-c2sc(-c4ccc(N(c5ccccc5)c5ccccc5)cc4)cc2P3(=O)c2ccccc2)c2c(C)cc(C)cc2C)c(C)c1,1
Cc1cc(C)c(B(c2cc3c(s2)-c2sc(-c4ccc(N(c5ccccc5)c5ccccc5)cc4)cc2[P+]3(C)c2ccccc2)c2c(C)cc(C)cc2C)c(C)c1,1
CC(C)(C)c1cc(C(C)(C)C)c(B(c2ccccc2)c2ccc(-c3cc4c(s3)-c3sc(-c5ccc(N(c6ccccc6)c6ccccc6)cc5)cc3P4(=O)c3ccccc3)s2)c(C(C)(C)C)c1,1
O=Cc1cc2c(s1)-c1sc(-c3ccc(N(c4ccccc4)c4ccccc4)cc3)cc1P2(=O)c1ccccc1,1
CC1(C)C(=CC=C(C=CC2=[N+](CCC[N+](C)(C)C)c3ccc(S(=O)(=O)[O-])cc3C2(C)C)Oc2ccc(CCC(=O)[O-])cc2)N(CCC[N+](C)(C)C)c2ccc(S(=O)(=O)[O-])cc21,1
CC1(C)C(=CC=C(C=CC2=[N+](CCC[N+](C)(C)C)c3ccc(S(=O)(=O)[O-])cc3C2(C)C)c2ccc(CCC(=O)[O-])cc2)N(CCC[N+](C)(C)C)c2ccc(S(=O)(=O)[O-])cc21,1
CC[N+]1=C(C=CC2=C3Oc4cc(O)c(C=O)cc4C=C3CCC2)C(C)(C)c2ccccc21,1
CC[N+]1=C(C=CC2=C3Oc4cc(O)cc(C=O)c4C=C3CCC2)C(C)(C)c2ccccc21,1
c1ccc(C2=c3cc4cc5c6c(c4cc3C3(c4ccccc4Oc4ccccc43)c3cc4c7c8c(cc4cc32)CCCN8CCC7)CCC[N+]=6CCC5)cc1,1
Cc1ccccc1C1=c2cc3cc4c5c(c3cc2C2(c3ccccc3Oc3ccccc32)c2cc3c6c7c(cc3cc21)CCCN7CCC6)CCC[N+]=5CCC4,1
CCc1ccccc1C1=c2cc3cc4c5c(c3cc2C2(c3ccccc3Oc3ccccc32)c2cc3c6c7c(cc3cc21)CCCN7CCC6)CCC[N+]=5CCC4,1
Cc1cccc(C)c1C1=c2cc3cc4c5c(c3cc2C2(c3ccccc3Oc3ccccc32)c2cc3c6c7c(cc3cc21)CCCN7CCC6)CCC[N+]=5CCC4,1
COCc1ccccc1C1=c2cc3cc4c5c(c3cc2C2(c3ccccc3Oc3ccccc32)c2cc3c6c7c(cc3cc21)CCCN7CCC6)CCC[N+]=5CCC4,1
COc1ccccc1C1=c2cc3cc4c5c(c3cc2C2(c3ccccc3Oc3ccccc32)c2cc3c6c7c(cc3cc21)CCCN7CCC6)CCC[N+]=5CCC4,1
COc1ccc(S(=O)(=O)[O-])cc1C1=c2cc3cc4c5c(c3cc2C2(c3cc(S(=O)(=O)[O-])ccc3Oc3ccc(S(=O)(=O)[O-])cc32)c2cc3c6c7c(cc3cc21)CCCN7CCC6)CCC[N+]=5CCC4,1
CN(C)c1ccc2c(c1)OC(=C(C#N)c1cc[n+](C)cc1)C=C2C(F)(F)F,1
CN(C)c1ccc2c(c1)OC(=C(C#N)c1cc[n+](CC(F)(F)F)cc1)C=C2C(F)(F)F,1
COC(=O)C(C#N)=CC=Cc1ccc2cc(N(C)C)ccc2c1,1
COC(=O)C(C#N)=CC=CC=CC=Cc1ccc2cc(N(C)C)ccc2c1,1
COCCOC(=O)C(C#N)=CC=Cc1ccc2cc(N(C)C)ccc2c1,1
COCCOC(=O)C(C#N)=CC=CC=Cc1ccc2cc(N(C)C)ccc2c1,1
COCCOC(=O)C(C#N)=CC=CC=CC=Cc1ccc2cc(N(C)C)ccc2c1,1
COCCOCCOC(=O)C(C#N)=CC=Cc1ccc2cc(N(C)C)ccc2c1,1
COCCOCCOC(=O)C(C#N)=CC=CC=Cc1ccc2cc(N(C)C)ccc2c1,1
COCCOCCOC(=O)C(C#N)=CC=CC=CC=Cc1ccc2cc(N(C)C)ccc2c1,1
COCCOCCOCCOC(=O)C(C#N)=CC=Cc1ccc2cc(N(C)C)ccc2c1,1
COCCOCCOCCOC(=O)C(C#N)=CC=CC=Cc1ccc2cc(N(C)C)ccc2c1,1
COCCOCCOCCOC(=O)C(C#N)=CC=CC=CC=Cc1ccc2cc(N(C)C)ccc2c1,1
CN(C)c1ccc2cc(C=CC=C(C#N)C(=O)OCCO)ccc2c1,1
CN(C)c1ccc2cc(C=CC=C(C#N)C(=O)OCCOCCO)ccc2c1,1
CN(C)c1ccc2cc(C=CC=CC=C(C#N)C(=O)OCCOCCO)ccc2c1,1
CN(C)c1ccc2cc(C=CC=CC=CC=C(C#N)C(=O)OCCOCCO)ccc2c1,1
CN(C)c1ccc2cc(C=CC=C(C#N)C(=O)OCCOCCOCCO)ccc2c1,1
CN(C)c1ccc2cc(C=CC=CC=CC=C(C#N)C(=O)OCCOCCOCCO)ccc2c1,1
Nc1ccc2c(c1)Cc1c-2[o+]c2c(c1-c1ccccc1)Cc1cc(N)ccc1-2,1
COc1ccccc1-c1c2c([o+]c3c1Cc1cc(N)ccc1-3)-c1ccc(N)cc1C2,1
CCN(CC)c1ccc2c(c1)Cc1c-2[o+]c2c(c1-c1ccccc1OC)Cc1cc(N(CC)CC)ccc1-2,1
Nc1ccc2c(c1)CCc1c-2[o+]c2c(c1-c1ccccc1)CCc1cc(N)ccc1-2,1
CCN(CC)c1ccc2cc3cc4c(cc3[o+]c2c1)N(CC)C1CCCCC1N4CC,1
CCN1c2cc3c(cc2N(CC)C2CCCCC21)C(c1ccccc1C(=O)O)=c1cc2c4c(c1O3)CCC[N+]=4CCC2,1
CCN(CC)c1ccc2c(-c3ccccc3C(=O)O)c3cc4c(cc3[o+]c2c1)N(CC)C1CCCCC1N4CC,1
CCNc1cc2[o+]c3cc4c(cc3c(-c3ccccc3C(=O)O)c2cc1C)N(CC)C1CCCCC1N4CC,1
CCN1c2cc3[o+]c4cc(N)ccc4c(-c4ccccc4C(=O)O)c3cc2N(CC)C2CCCCC21,1
CCN1c2cc3[o+]c(-c4ccccc4)cc(C=CC=C4N(C)c5ccccc5C4(C)C)c3cc2N(CC)C2CCCCC21,1
CCN1c2cc3[o+]c(-c4ccccc4)cc(C=CC=CC=C4N(C)c5ccccc5C4(C)C)c3cc2N(CC)C2CCCCC21,1
CCCCNc1cc2c3c(ccc4c5c(C#Cc6ccc(-c7nc8ccccc8s7)c(O)c6)cc6c7c(ccc(c1c34)c75)C(=O)N(CC(CC)CCCC)C6=O)C(=O)N(CC(CC)CCCC)C2=O,1
CCCCNc1cc2c3c(ccc4c5c(C#Cc6ccc(-c7nc8ccccc8s7)c(OCCCC)c6)cc6c7c(ccc(c1c34)c75)C(=O)N(CC(CC)CCCC)C6=O)C(=O)N(CC(CC)CCCC)C2=O,1
CCN(CC)c1ccc(C=CC2=CC(=C(C#N)C#N)CC(C)(C)C2)cc1,1
CCN(c1ccc(C=CC2=CC(=C(C#N)C#N)CC(C)(C)C2)cc1)C(C)c1ccccc1,1
CCCCCCN(c1ccc(C=CC2=CC(=C(C#N)C#N)CC(C)(C)C2)cc1)C(C)c1ccccc1,1
CC1(C)CC(C=Cc2ccc(N(c3ccccc3)c3ccccc3)cc2)=CC(=C(C#N)C#N)C1,1
Cc1nc2c(-c3ccc(N(c4ccc(C(C)(C)C)cc4)c4ccc(C(C)(C)C)cc4)cc3)c3nsnc3c(-c3ccc(N(c4ccc(C(C)(C)C)cc4)c4ccc(C(C)(C)C)cc4)cc3)c2nc1C,1
Cc1cc(N(c2ccc(C(C)(C)C)cc2)c2ccc(C(C)(C)C)cc2)ccc1-c1c2nsnc2c(-c2ccc(N(c3ccc(C(C)(C)C)cc3)c3ccc(C(C)(C)C)cc3)cc2)c2nc(C)c(C)nc12,1
C[n+]1ccc(C=CC=Cc2cccc(-c3nc4ccccc4s3)c2O)cc1,1
Cc1ccccc1C1=C2C=CC(=[N+]3CCCC3)C=C2C2(OCCO2)c2cc(N3CCCC3)ccc21,1
Nc1ccc2cc3c(cc2c1)Oc1c2c4c(cc1=C3c1ccccc1)CCC[N+]=4CCC2,1
CN(C)c1ccc2cc3c(cc2c1)Oc1c2c4c(cc1=C3c1ccccc1)CCC[N+]=4CCC2,1
CC[n+]1cccc2oc(C=CC=Cc3ccc(N(C)C)cc3)nc21,1
Cc1ccc2oc(C=CC=Cc3ccc(N(C)C)cc3)[n+](C)c2c1,1
CN(C)c1ccc(C=CC=Cc2sc3ccccc3[n+]2C)cc1,1
CN(C)c1ccc(C=CC=CC=Cc2sc3ccccc3[n+]2C)cc1,1
CN(C)c1ccc2c(c1)OC(=CC=CC1=[N+](C)c3ccccc3C1(C)C)C=C2C(F)(F)F,1
CN(C)c1ccc2c(c1)OC(=CC=Cc1sc3ccccc3[n+]1C)C=C2C(F)(F)F,1
CN(C)c1ccc2c(c1)OC(=CC=Cc1cc[n+](C)cc1)C=C2C(F)(F)F,1
Cn1cc(C=C2CCCc3c2[o+]c2c4c5c(cc2c3-c2ccccc2C(=O)O)CCCN5CCC4)c2ccccc21,1
CN1C(=CC=C2CCCc3c2[o+]c2c4c5c(cc2c3-c2ccccc2C(=O)O)CCCN5CCC4)C(C)(C)c2ccccc21,1
CCN(CC)c1ccc2c(-c3ccccc3C(=O)O)cc(C=CC=C3N(C)c4ccccc4C3(C)C)[o+]c2c1,1
Cc1nnc(-c2ccc3c(c2)C(C)(C)C(C=CC=CC=C2N(C)c4ccc(S(=O)(=O)[O-])cc4C2(C)C)=[N+]3C)nn1,1
CC1=C2CCC(O)CCCC2C(c2ccc3c(c2)C(C)(C)C(C=CC=CC=C2N(C)c4ccc(S(=O)(=O)[O-])cc4C2(C)C)=[N+]3C)=NN1,1
CC1=NNC(c2ccc(N3C(=CC=CC=CC4=[N+](C)c5ccccc5C4(C)C)C(C)(C)c4ccccc43)cc2)=C2CCC(O)CCCC12,1
N#Cc1c(C#N)c(-c2ccc(N(c3ccccc3)c3ccccc3)cc2)c2nsnc2c1-c1ccc(N(c2ccccc2)c2ccccc2)cc1,1
CC(C)(C)c1ccc(N(c2ccc(-c3ccc4c(n3)c3nc(-c5ccc(N(c6ccc(C(C)(C)C)cc6)c6ccc(C(C)(C)C)cc6)cc5)ccc3c3nc(C#N)c(C#N)nc43)cc2)c2ccc(C(C)(C)C)cc2)cc1,1
C[n+]1ccc(C=Cc2cccc(-c3nc4ccccc4s3)c2O)c2ccccc21,1
CCC1=C(C)C2=C(c3ccc(OCC(=O)OC(C)(C)C)cc3)c3c(C)c(CC)c(C=Cc4ccc(OCC(=O)OC(C)(C)C)cc4)n3[B-](F)(F)[N+]2=C1C=Cc1ccc(OCC(=O)OC(C)(C)C)cc1,1
CCc1ccc(C2=[N+]3C(=Cc4c5ccc(OC)cc5c(-c5ccc(CC)s5)n4[B-]3(C#Cc3ccc(C#Cc4nc(-c5ccc(C)cn5)ccc4C)cc3)C#Cc3ccc(C#Cc4nc(-c5ccc(C)cn5)ccc4C)cc3)c3ccc(OC)cc32)s1,1
CCc1ccc(C2=[N+]3C(=Cc4c5ccc(OC)cc5c(-c5ccc(CC)s5)n4[B-]3(C#Cc3ccc(C#CC4=C5C=CC6=C7C(=CC=C(C=C4)C57)CC=C6)cc3)C#Cc3ccc(C#CC4=C5C=CC6=C7C(=CC=C(C=C4)C57)CC=C6)cc3)c3ccc(OC)cc32)s1,1
CCc1ccc(C2=[N+]3C(=Cc4c5ccc(OC)cc5c(-c5ccc(CC)s5)n4[B-]3(C#Cc3ccc(C#Cc4ccc5c6cccc7cccc(c8cccc4c85)c76)cc3)C#Cc3ccc(C#Cc4ccc5c6cccc7cccc(c8cccc4c85)c76)cc3)c3ccc(OC)cc32)s1,1
CCc1ccc(C2=[N+]3C(=Cc4c5ccc(OC)cc5c(-c5ccc(CC)s5)n4[B-]3(C#Cc3ccc(C#CC4=CC=C5C=CC6=C7C(=CC=C4C57)CC=C6)cc3)C#Cc3ccc(C#Cc4nc(-c5ccc(C)cn5)ccc4C)cc3)c3ccc(OC)cc32)s1,1
CC(C)(C)c1ccc(C2=NC(=Nc3[nH]c(-c4ccc(C(C)(C)C)cc4)c4ccccc34)c3ccccc32)cc1,1
CC(C)(C)c1ccc(C2=[N+]3C(=Nc4c5ccccc5c(-c5ccc(C(C)(C)C)cc5)n4[B-]3(F)F)c3ccccc32)cc1,1
Cc1ccc(C2=NC(=Nc3[nH]c(-c4ccc(C)cc4)c4ccccc34)c3ccccc32)cc1,1
COc1ccc(C2=NC(=Nc3[nH]c(-c4ccc(OC)cc4)c4ccccc34)c3ccccc32)cc1,1
COc1ccccc1C1=[N+]2C(=Nc3c4ccccc4c(-c4ccccc4OC)n3[B-]2(F)F)c2ccccc21,1
CC1=c2c3cc4c(-c5ccccc5)c5c6cccc7cccc(c5c(-c5ccccc5)c4cc3c(C)[n+]2[B-](F)(F)n2c(C)c3c(c21)-c1cccc2cccc-3c12)c76,1
CC(C)c1ccccc1-c1cc2c(o1)=CC1=Cc3cc4oc(-c5ccccc5C(C)C)cc4n3[B-](F)(F)[N+]=21,1
COc1ccc(OC)c(-c2cc3c(o2)=CC2=Cc4cc5oc(-c6cc(OC)ccc6OC)cc5n4[B-](F)(F)[N+]=32)c1,1
COc1ccc(-c2cc3c(o2)=CC2=Cc4cc5oc(-c6ccc(OC)cc6OC)cc5n4[B-](F)(F)[N+]=32)c(OC)c1,1
CCN1C(=CC=CC=CC=CC2=[N+](CC)c3ccccc3C2(C)C)C(C)(C)c2ccccc21,1
CCCCCCCCCCCCC(CCCCCCCCCC)Cn1c2cc(-c3ccc(C(C)(C)C)cc3)c3cccc4c5ccc6c7cc(-c8cc(C(C)(C)C)cc(C(C)(C)C)c8)n8c7c(c7cc1c(c5c76)c2c34)=C1C=CC(c2cc(C(C)(C)C)cc(C(C)(C)C)c2)=[N+]1[B-]8(F)F,1
COC(=O)c1c(F)c(F)c(F)c(F)c1C1=c2cc3c4c(c2Oc2c1cc1c5c2CCCN5C(C)(C)C=C1C)CCC[N+]=4C(C)(C)C=C3C,1
CC1=CC(C)(C)N2CCCc3c4c(cc1c32)C(c1c(F)c(F)c(F)c(F)c1C(=O)N(C)CCC(=O)OC(C)(C)C)=c1cc2c3c(c1O4)CCC[N+]=3C(C)(C)C=C2C,1
COC(=O)CCN(C)C(=O)c1c(F)c(F)c(F)c(F)c1C1=c2cc3c4c(c2Oc2c1cc1c5c2CCCN5C(C)(C)C=C1C)CCC[N+]=4C(C)(C)C=C3C,1
CC1=CC(C)(C)N2CCCc3c4c(cc1c32)C(c1c(F)c(F)c(F)c(F)c1C(=O)N(C)CCC(=O)O)=c1cc2c3c(c1O4)CCC[N+]=3C(C)(C)C=C2C,1
CC[N+]1=c2cc3c(cc2CCC1)=Nc1cc2c(cc1O3)N(CCCC(=O)O)C(C)(C)CC2CS(=O)(=O)[O-],1
CCN(CC)c1ccc2c(c1)OC(C(C)(C)C)=CC2=CC=CC1=[N+](CCCCCC(=O)O)c2ccc(S(=O)(=O)[O-])cc2C1(C)C,1
CC(C)(C)C1=CC(=CC=CC2=[N+](CCCCCC(=O)O)c3ccc(S(=O)(=O)[O-])cc3C2(C)C)c2cc3c4c(c2O1)CCCN4CCC3,1
CC[N+]1=c2cc3c(cc2C(C)CC1(C)C)=C(c1ccccc1C(=O)N(C)CCCC(=O)O)c1cc2c4c(c1C3(C)C)CCCN4CCC2,1
CCCCCCCCOc1ccc(-c2c3c4n(c(-c5ccc(OCCCCCCCC)cc5)c3c3n2[B-](F)(F)[n+]2c(sc5cc(SC)ccc52)C=3C#N)[B-](F)(F)[n+]2c(sc3cc(SC)ccc32)C=4C#N)cc1,1
CCC12C(=C3C(=C4c5ccc(-c6ccc(C)s6)cc5S(=O)(=O)C41CC)C(F)(F)C(F)(F)C3(F)F)c1ccc(-c3ccc(C)s3)cc1S2(=O)=O,1
CCN1CCCc2cc3c(cc21)Oc1cc2c(cc1=N3)C(CS(=O)(=O)[O-])CC(C)(C)[N+]=2CCCC(=O)[O-],1
O=Cc1ccc(N(c2ccc(C=O)cc2)c2ccc(-c3ccc4c(c3)C(=O)c3ccccc3C4=O)cc2)cc1,1
O=C1c2ccccc2C(=O)c2cc(-c3ccc(N(c4ccccc4)c4ccccc4)cc3)ccc21,1
Cc1ccc(N(c2ccc(C)cc2)c2ccc(-c3ccc4c(c3)C(=O)c3ccccc3C4=O)cc2)cc1,1
COc1ccc(N(c2ccc(OC)cc2)c2ccc(-c3ccc4c(c3)C(=O)c3ccccc3C4=O)cc2)cc1,1
CC(=O)OCCOCCN1C(=O)c2cc(NCCOCCO)c3c4c(cc(NCCOCCO)c(c24)C1=O)C(=O)N(CCOCCOC(C)=O)C3=O,1
CC1(C)c2ccccc2-c2ccc(N3c4ccc(-c5ccc(C=C6C(=O)c7ccc(C(=O)O)cc7C6=O)s5)cc4C4CCCC43)cc21,1
CCCCCCc1cc(-c2ccc3c(c2)C2CCCC2N3c2ccc3c(c2)C(C)(C)c2ccccc2-3)sc1C=C1C(=O)c2ccc(C(=O)O)cc2C1=O,1
CCCCCCCCCCCCOc1cc2cc(N(C)C)ccc2cc1C=C(C#N)C#N,1
N#CC1=c2cc3c4c(c2Oc2c1cc1c5c2CCCN5CCC1)CCC[N+]=4CCC3,1
O=S(=O)([O-])CCCCN1C=CC(=CC=CC=Cc2cc[n+](CCCCS(=O)(=O)[O-])c3ccccc23)c2ccccc21,1
O=C(O)CCCCCn1c(=CC=CC2=[N+](CCCCCC(=O)O)c3cccc4cccc2c34)c2cccc3cccc1c32,1
COC(=O)C(C#N)=c1sc(=c2sc(=C(C#N)C(=O)OC)c3cc(-c4ccc5c(c4)C(C)(C)c4ccccc4-5)sc23)c2sc(-c3ccc4c(c3)C(C)(C)c3ccccc3-4)cc12,1
CC(C)(C)c1ccc2c(c1)c1cc3c4cc(C(C)(C)C)ccc4c4c5c6ccc(C(C)(C)C)cc6c6cc7c8cc(C(C)(C)C)ccc8c8c2c1c(c34)c(c78)c65,1
CC(C)(C)c1cc(-c2cc3c(cc(-c4cc(C(C)(C)C)cc(C(C)(C)C)c4)n3-c3ccc(C(=C(c4ccccc4)c4ccccc4)c4ccccc4)cc3)n2-c2ccc(C(=C(c3ccccc3)c3ccccc3)c3ccccc3)cc2)cc(C(C)(C)C)c1,1
CCCCCCOc1ccc(C#Cc2ccc(-c3ccc(-c4ccc(C#Cc5ccc(OCCCCCC)c(OCCCCCC)c5)s4)c4nsnc34)s2)cc1OCCCCCC,1
CCOC(=O)c1ccc(C=CC2=[N+]3C(=C(c4ccccc4)c4ccc(C=Cc5ccc(C(=O)OCC)o5)n4[B-]3(F)F)C=C2)o1,1
COC(=O)C=CC=CC1=CC2=C(c3c(C)cc(C)cc3C)c3cc(C=CC=CC(=O)OC)cn3[B-](F)(F)[N+]2=C1,1
COc1ccc(C2=C3C(C=Cc4cc(OC)c(OC)c(OC)c4)=C(C=O)C(C)=[N+]3[B-](F)(F)n3c(C)c(C=O)c(C=Cc4cc(OC)c(OC)c(OC)c4)c32)cc1,1
COc1ccc(C2=C3C(C=Cc4cc(OC)c(OC)c(OC)c4)=C(C=O)C(C=Cc4cc(OC)c(OC)c(OC)c4)=[N+]3[B-](F)(F)n3c(C=Cc4cc(OC)c(OC)c(OC)c4)c(C=O)c(C=Cc4cc(OC)c(OC)c(OC)c4)c32)cc1,1
CN1C(=CC=CC2=C3C=CC(c4ccccc4)=[N+]3[B-](F)(F)n3c2ccc3-c2ccccc2)C(C)(C)c2ccccc21,1
CN1C(=CC=CC=CC2=C3C=CC(c4ccccc4)=[N+]3[B-](F)(F)n3c2ccc3-c2ccccc2)C(C)(C)c2ccccc21,1
CN1C(=CC=CC2=C3C=CC(c4ccccc4)=[N+]3[B-](F)(F)n3c2ccc3-c2ccccc2)Sc2ccccc21,1
CCC1=C(C)C2=C(C=Cc3ccc([N+](=O)[O-])cc3)c3c(C)c(CC)c(C=Cc4ccc(OC)cc4)n3[B-](F)(F)[N+]2=C1C=Cc1ccc(OC)cc1,1
COc1ccccc1-c1cc2c(o1)=CC1=Cc3cc4oc(-c5ccccc5OC)cc4n3[B-](F)(F)[N+]=21,1
CCCCCCCCCCC(CCCCCCCCCC)Cn1c2cc(-c3ccc(C(C)(C)C)cc3)c3cccc4c5ccc6c7cc(-c8cc(C(C)(C)C)cc(C(C)(C)C)c8)n8c7c(c7cc1c(c5c76)c2c34)=C1C=CC(c2cc(C(C)(C)C)cc(C(C)(C)C)c2)=[N+]1[B-]8(F)F,1
CCCCC1C(=O)c2cc(Oc3ccc(C(C)(C)C)cc3)c3c4c(Oc5ccc(C(C)(C)C)cc5)cc5c6c(cc(Oc7ccc(C(C)(C)C)cc7)c(c7c(Oc8ccc(C(C)(C)C)cc8)cc(c2c37)C1=O)c64)C1=C(C5=O)c2ccc3ccccc3[n+]2[B-](F)(F)O1,1
CCN(CC)c1ccc2c(-c3ccccc3C(=O)O)c3c([o+]c2c1)C(=Cc1ccc2c(c1)c1ccccc1n2CC)CCC3,1
COc1ccc(C2=C3C(C)=CC(C=Cc4ccc(C(=O)OC5CC6CCC5(C)C6(C)C)cc4)=[N+]3[B-](F)(F)n3c(C=Cc4ccc(C(=O)OC5CC6CCC5(C)C6(C)C)cc4)cc(C)c32)cc1,1
C(=CC=CC1=CSC(=C2SC=CS2)S1)C=CC1=CSC(=C2SC=CS2)S1,1
O=C1OC(c2ccccc2)=NC1=Cc1ccc(N(c2ccc(C=C3N=C(c4ccccc4)OC3=O)cc2)c2ccc(C=C3N=C(c4ccccc4)OC3=O)cc2)cc1,1
CCCCn1c(=CC=CC2=[N+](C)c3ccccc3C2(C)C)c2cccc3cccc1c32,1
Cc1cc(C)c(C2=C3C=CC=[N+]3[B-]3(c4ccccc4)Oc4cc(O)cc5c6ccc(C)cc6c6cc2n3c6c45)c(C)c1,1
Cc1cc(C)c(C2=C3C=CC=[N+]3[B-]3(c4cccc5ccccc45)Oc4cc(O)cc5c6ccc(C)cc6c6cc2n3c6c45)c(C)c1,1
Cc1cc(C)c(C2=C3C=CC=[N+]3[B-]3(c4ccc5ccc6cccc7ccc4c5c67)Oc4cc(O)cc5c6ccc(C)cc6c6cc2n3c6c45)c(C)c1,1
Cc1c2oc3c(C)c(N)cc(C(=O)NC4OC(=O)C(C(C)C)N(C)C(=O)CN(C)C(=O)C5CCCN5C(=O)C(C(C)C)NC4=O)c3nc-2c(C(=O)NC2OC(=O)C(C(C)C)N(C)C(=O)CN(C)C(=O)C3CCCN3C(=O)C(C(C)C)NC2=O)c(N)c1=O,1
CC1(C)c2ccccc2N(c2ccc(-c3ccc4c(c3)c3cc(-c5ccc(N6c7ccccc7C(C)(C)c7ccccc76)cc5)ccc3c3nc(C#N)c(C#N)nc43)cc2)c2ccccc21,1
N#Cc1nc2c3ccc(-c4ccc(N(c5ccccc5)c5ccccc5)cc4)cc3c3cc(-c4ccc(N(c5ccccc5)c5ccccc5)cc4)ccc3c2nc1C#N,1
CC(C)(C)c1cc2ccc3c(-c4ccc(N(c5ccccc5)c5ccccc5)cc4)ccc4c5nc6cc(C#N)c(C#N)cc6nc5c(c1)c2c34,1
CC1(C)c2ccccc2N(c2ccc3c(c2)C(=O)c2ccc(N4c5ccccc5C(C)(C)c5ccccc54)cc2C3=O)c2ccccc21,1
C#CCNC1=C2C=C(c3cc4n(c3)[B-](F)(F)[N+]3=CC=CC3=C4c3c(C)cc(C)cc3C)C(C)=[N+]2[B-](F)(F)n2c(C)ccc21,1
c1ccc(N2c3ccc4ccccc4c3-c3c4ccccc4nc[n+]3[B-]2(c2ccccc2)c2ccccc2)cc1,1
COc1ccc2c(c1)c1c(c3cc(OC)ccc32)=[N+]2C(=C(c3c(C)cc(C)cc3C)c3cc4c5cc(OC)ccc5c5ccc(OC)cc5c4n3[B-]2(F)F)C=1,1
COc1cc2c3c(c4cc(OC)c(OC)c(OC)c4c2c(OC)c1OC)=[N+]1C(=C(c2c(C)cc(C)cc2C)c2cc4c5cc(OC)c(OC)c(OC)c5c5c(OC)c(OC)c(OC)cc5c4n2[B-]1(F)F)C=3,1
CC(C)(C)c1ccc(C2=c3c(c4ccc(C(C)(C)C)cc4c4cc(C(C)(C)C)ccc34)=[N+]3C2=C(c2ccccc2)c2c(-c4ccc(C(C)(C)C)cc4)c4c5ccc(C(C)(C)C)cc5c5cc(C(C)(C)C)ccc5c4n2[B-]3(F)F)cc1,1
COc1cccc(C2=c3c(c4ccc(C(C)(C)C)cc4c4cc(C(C)(C)C)ccc34)=[N+]3C2=C(c2ccccc2)c2c(-c4cccc(OC)c4)c4c5ccc(C(C)(C)C)cc5c5cc(C(C)(C)C)ccc5c4n2[B-]3(F)F)c1,1
COc1ccc(N(c2ccc(OC)cc2)c2ccc3ccc4c(B(c5c(C)cc(C)cc5C)c5c(C)cc(C)cc5C)ccc5ccc2c3c54)cc1,1
O=C1C(=CC=Cc2cc3c4c(c2)CCCN4CCC3)CCC1=CC=Cc1cc2c3c(c1)CCCN3CCC2,1
CN(C)c1ccc(-c2cc3ccc([N+](=O)[O-])cc3c(=O)o2)cc1,1
Cc1ccc2ccc3c(c2n1)NC(=CC1=C([O-])C(=CC2=[NH+]c4c(ccc5ccc(C)nc45)C2(C)C)C1=O)C3(C)C,1
CC[N+]1=C(C=Cc2cc3cccc4ccc5cccc2c5c43)C(C)(C)c2ccccc21,1
CC[N+]1=C(C=Cc2cc3cc(C(C)(C)C)cc4ccc5cc(C(C)(C)C)cc2c5c43)C(C)(C)c2ccccc21,1
CC[N+](CC)=c1ccc2c(-c3ccccc3C(=O)O)c3c(=O)oc4c5c6c(cc4c3oc-2c1)CCCN6CCC5,1
CCOC(=O)c1ccccc1-c1c2ccc(=[N+](CC)CC)cc-2oc2c1c(=O)oc1c3c4c(cc12)CCCN4CCC3,1
CN(CCO)c1ccc(C=CC2=CC(=C(C#N)C#N)CC(C)(C)C2)cc1,1
O=C(O)CC[N+]1=c2cc3c(cc2CCC1)=Cc1c(c2cc4c5c(c2oc1=O)CCCN5CCC4)O3,1
CCOC(=O)CC[N+]1=c2cc3c(cc2CCC1)=Cc1c(c2cc4c5c(c2oc1=O)CCCN5CCC4)O3,1
CCCCN(CCCC)c1ccc(C=Cc2ccc3nc(C=Cc4nc5ccc(C=Cc6ccc(N(CCCC)CCCC)cc6)cc5n(CCC)c4=O)c(=O)n(CCC)c3c2)cc1,1
CCCCN(CCCC)c1ccc(C=Cc2ccc3nc(C=Cc4ccc(N(C)C)cc4)c(=O)n(CCC)c3c2)cc1,1
CCCCCCCN1C(=CC2=C([O-])C(=CC3=[N+](CCCCCCC)c4ccccc4C3(C)C)C2=C(C#N)C#N)C(C)(C)c2ccccc21,1
CCCCCCCN1C(=CC2=C([O-])C(=CC3=[N+](CCCCCCC)c4ccccc4C3(C)C)C2=C(C#N)C#N)Sc2ccccc21,1
C[Si](C)(C)O[Si]1(O[Si](C)(C)C)n2c3c4ccccc4c2N=C2N=C(N=c4c5ccccc5c(n41)=NC1=NC(=N3)c3ccccc31)c1ccccc12,1
c1ccc(CO[Si]23n4c5c6ccccc6c4N=c4c6ccccc6c(n42)=c2c4ccccc4c(n23)=NC2=NC(=N5)c3ccccc32)cc1,1
O=P12n3c4c5ccccc5c3N=c3c5ccccc5c(n31)=c1c3ccccc3c(n12)=NC1=NC(=N4)c2ccccc21,1
CCCN1C(=CC=C(C=CC2=[N+](CCC)c3ccccc3C2(C)C)c2ccncc2)C(C)(C)c2ccccc21,1
CCCN1C(=CC=C(C=CC2=[N+](CCC)c3ccccc3C2(C)C)c2ccc([N+](=O)[O-])cc2)C(C)(C)c2ccccc21,1
CCCN1C(=CC=C(C=Cc2sc3ccccc3[n+]2CCC)c2ccc([N+](=O)[O-])cc2)C(C)(C)c2ccccc21,1
CCCN1C(=CC=C(C=CC2=[N+](CCC)c3ccccc3C2(C)C)c2ccc3ccccc3n2)C(C)(C)c2ccccc21,1
CCCN1C(=CC=C(C=CC2=[N+](CCC)c3ccccc3C2(C)C)c2cc[n+](C)cc2)C(C)(C)c2ccccc21,1
CCCN1C(=CC=C(C=Cc2sc3ccccc3[n+]2CCC)c2ccc([N+](=O)[O-])cc2)Sc2ccccc21,1
CC[NH+]=c1cc2oc3cc(NCCC(=O)NC(C(=O)OC)C(C)C)c4ccccc4c3nc-2cc1C,1
CC[NH+]=c1cc2oc3cc(NCCC(=O)NCC(=O)OC)c4ccccc4c3nc-2cc1C,1
CC[NH+]=c1cc2oc3cc(NCCC(=O)NCCCCC(NC(C)=O)C(=O)OC)c4ccccc4c3nc-2cc1C,1
CC[NH+]=c1cc2oc3cc(NCCO)c4ccccc4c3nc-2cc1C,1
Cc1ccc(N(c2ccc(C)cc2)c2ccc(-c3ccc(C=C(C#N)C#N)cc3)cc2)cc1,1
COc1ccc(N(c2ccc(OC)cc2)c2ccc(-c3ccc(C=C(C#N)C#N)cc3)cc2)cc1,1
Cc1ccc(N(c2ccc(C)cc2)c2ccc(-c3ccc(C=C(C#N)C#N)s3)cc2)cc1,1
COc1ccc(N(c2ccc(OC)cc2)c2ccc(-c3ccc(C=C(C#N)C#N)s3)cc2)cc1,1
Cc1ccc(N(c2ccc(C)cc2)c2ccc(-c3ccc(C=C(C#N)C#N)o3)cc2)cc1,1
COc1ccc(N(c2ccc(OC)cc2)c2ccc(-c3ccc(C=C(C#N)C#N)o3)cc2)cc1,1
C[N+](C)=c1ccc2c(-c3c(F)c(F)c(F)c(F)c3C(=O)[O-])c3ccc4cc([O-])ccc4c3oc-2c1,1
C[N+](C)=c1ccc2c(-c3c(Cl)c(Cl)c(Cl)c(Cl)c3C(=O)[O-])c3ccc4cc([O-])ccc4c3oc-2c1,1
Cc1ccc(C2=C3N=C(C(c4ccccc4)=C3c3ccccc3)C(c3ccc(C)cc3)=c3[nH]c(c(-c4ccccc4)c3-c3ccccc3)=C(c3ccc(C)cc3)C3=NC(=C(c4ccc(C)cc4)c4[nH]c2c(-c2ccccc2)c4-c2ccccc2)C(c2ccccc2)=C3c2ccccc2)cc1,1
C[n+]1ccc(C=Cc2ccc(N(c3ccccc3)c3ccc(C=Cc4cc[n+](C)cn4)cc3)cc2)nc1,1
C[n+]1ccc(C=Cc2ccc(N(c3ccccc3)c3ccc(C=Cc4cc[n+](C)cc4)cc3)cc2)cc1,1
Cc1nc2c(ccc3c2sc(C=CC=Cc2ccc(N(C)C)cc2)[n+]3C)s1,1
CN1C(=CC=C(C=Cc2sc3ccccc3[n+]2C)c2ccccc2)Sc2ccccc21,1
CN1C(=CC=C(C=CC2=[N+](C)c3ccccc3C2(C)C)c2ccccc2)C(C)(C)c2ccccc21,1
CN1C(=CC=C(C=Cc2sc3ccccc3[n+]2C)c2ccc(F)cc2)Sc2ccccc21,1
CN1C(=CC=C(C=Cc2sc3ccccc3[n+]2C)c2cc(F)cc(F)c2)Sc2ccccc21,1
CN1C(=CC=C(C=Cc2sc3ccccc3[n+]2C)c2ccc(C(F)(F)F)cc2)Sc2ccccc21,1
CN1C(=CC=C(C=Cc2sc3ccccc3[n+]2C)c2cccc(C(F)(F)F)c2)Sc2ccccc21,1
CN1C(=CC=C(C=CC2=[N+](C)c3ccccc3C2(C)C)c2cc(F)cc(F)c2)C(C)(C)c2ccccc21,1
CN1C(=CC=C(C=CC2=[N+](C)c3ccccc3C2(C)C)c2ccc(C(F)(F)F)cc2)C(C)(C)c2ccccc21,1
CN1C(=CC=C(C=CC2=[N+](C)c3ccccc3C2(C)C)c2cccc(C(F)(F)F)c2)C(C)(C)c2ccccc21,1
COC(=O)C(N)Cc1ccc(O[Si]2(Oc3ccc(CC(N)C(=O)OC)cc3)n3c4c5ccccc5c3N=C3N=C(N=c5c6ccccc6c(n52)=NC2=NC(=N4)c4ccccc42)c2ccccc23)cc1,1
CCOC(=O)C(Cc1ccc(O[Si]2(Oc3ccc(CC(NC(C)=O)C(=O)OCC)cc3)n3c4c5ccccc5c3N=C3N=C(N=c5c6ccccc6c(n52)=NC2=NC(=N4)c4ccccc42)c2ccccc23)cc1)NC(C)=O,1
CC(=O)NC(Cc1ccc(O)cc1)C(=O)O[Si]1(OC(=O)C(Cc2ccc(O)cc2)NC(C)=O)n2c3c4ccccc4c2N=C2N=C(N=c4c5ccccc5c(n41)=NC1=NC(=N3)c3ccccc31)c1ccccc12,1
CN(CCO)c1ccc(C=CC2=C(C#N)C(C(C#N)C#N)OC2(C)C)cc1,1
CCN(CC)c1ccc(C=C2CCC(=Cc3ccc(N(c4ccccc4)c4ccccc4)cc3)C2=C(C#N)C#N)cc1,1
CCN(CC)c1ccc(C=C2CCC(=Cc3ccc(N(c4ccccc4)c4ccc(C=C5CCC(=Cc6ccc(N(CC)CC)cc6)C5=C(C#N)C#N)cc4)cc3)C2=C(C#N)C#N)cc1,1
CCN(CC)c1ccc(C=C2CCC(=Cc3ccc(N(c4ccc(C=C5CCC(=Cc6ccc(N(CC)CC)cc6)C5=C(C#N)C#N)cc4)c4ccc(C=C5CCC(=Cc6ccc(N(CC)CC)cc6)C5=C(C#N)C#N)cc4)cc3)C2=C(C#N)C#N)cc1,1
Cc1ccc(C2=C3C=CC4=[N+]3[P-](=O)(=O)n3c2ccc3-c2ccc([nH]2)C(c2ccc(C)cc2)=c2ccc(o2)=C(c2ccc(C)cc2)c2ccc4[nH]2)cc1,1
COc1ccc(-c2c(-c3ccc(C)cc3)c3n(c2-c2ccc(C)cc2)[B-](F)(F)[N+]2=C(c4ccc(C)cc4)C(C=CC(=O)OC4CCC5(C)C(=CCC6C5CCC5(C)C(C(C)CCCC(C)C)CCC65)C4)=C(c4ccc(C)cc4)C2=N3)cc1,1
CCCCN1C(=O)c2cc(Oc3ccc(C(C)(C)C)cc3)c3c4c(Oc5ccc(C(C)(C)C)cc5)cc5c(=O)[nH]c(=Cc6ccc7ccccc7n6)c6cc(Oc7ccc(C(C)(C)C)cc7)c(c7c(Oc8ccc(C(C)(C)C)cc8)cc(c2c37)C1=O)c4c56,1
CCCCN1C(=O)c2cc(Oc3ccc(C(C)(C)C)cc3)c3c4c(Oc5ccc(C(C)(C)C)cc5)cc5c(=O)n6c(c7cc(Oc8ccc(C(C)(C)C)cc8)c(c8c(Oc9ccc(C(C)(C)C)cc9)cc(c2c38)C1=O)c4c57)=Cc1cccc[n+]1[B-]6(F)F,1
Cc1ccc(CN2C(=CC=C3CCCC(C=CC4=[N+](Cc5ccc(C)cc5)c5ccccc5C4(C)C)=C3Cl)C(C)(C)c3ccccc32)cc1,1
CN(C)c1ccc(C=Cc2cc[n+](C)c3ccccc23)cc1,1
CC1(C)C(=CC=CC=CC=CC2=[N+](CS(=O)(=O)[O-])c3ccc(S(=O)(=O)[O-])cc3C2(C)C)N(CS(=O)(=O)[O-])c2ccc(S(=O)(=O)[O-])cc21,1
CC1(C)C(=CC=CC=CC=CC2=[N+](S(=O)(=O)[O-])c3ccc(S(=O)(=O)[O-])cc3C2(C)C)N(S(=O)(=O)[O-])c2ccc(S(=O)(=O)[O-])cc21,1
CC1(C)C2=CC=CC=CC=CC3=[N+](CCCCCC(=O)NCNC(=O)CCCCCN2c2ccc(S(=O)(=O)[O-])cc21)c1ccc(S(=O)(=O)[O-])cc1C3(C)C,1
N#CC(C#N)=Cc1ccc(-c2ccc(O)c(-c3nc4ccccc4s3)c2)o1,1
CC(C)CCCC(C)C1CCC2C3CC=C4CC(OC(=O)Oc5cc(C=CC=Cc6ccc(N(C)C)cc6)ccc5[N+](=O)[O-])CCC4(C)C3CCC12C,1
N#Cc1ccc(-c2ccc3c(c2)C(=O)c2cc(-c4ccc(N(c5ccccc5)c5ccccc5)cc4)ccc2-3)cc1,1
N#CC(=Cc1ccc(C=Cc2ccc(N(c3ccccc3)c3ccccc3)cc2)s1)C(=O)O,1
CC1CC(C)(C)N(C)c2ccc(C=Cc3ccc(C=C(C#N)C(=O)O)s3)cc21,1
c1ccc(C2=C3c4ccccc4C4=[N+]3[B-]3(Oc5ccccc54)Oc4ccccc4-c4c5ccccc5c2n43)cc1,1
CN1C(=CC2=C([O-])C(=Cc3oc4ccccc4[n+]3C)C2=C(C#N)C#N)C(C)(C)c2ccccc21,1
CN1C(=CC2=C([O-])C(=Cc3oc4ccccc4[n+]3C)C2=C(C#N)C#N)Sc2ccccc21,1
CN1C(=CC2=C([O-])C(=Cc3sc4ccccc4[n+]3C)C2=C(C#N)C#N)Sc2ccccc21,1
CC(C)(C)NC1=CC2=c3cc(NC(C)(C)C)c4nc(C(F)(F)C(F)(F)C(F)(F)F)nc5c(NC(C)(C)C)cc(c3c54)C3=CC(NC(C)(C)C)=C4N=C(C(F)(F)C(F)(F)C(F)(F)F)N=C1C4C32,1
COc1cc(NC2=CC3=c4cc(Nc5cc(OC)cc(OC)c5)c5nc(C(F)(F)C(F)(F)C(F)(F)F)nc6c(Nc7cc(OC)cc(OC)c7)cc(c4c65)C4=CC(Nc5cc(OC)cc(OC)c5)=C5N=C(C(F)(F)C(F)(F)C(F)(F)F)N=C2C5C43)cc(OC)c1,1
CC(C)(C)c1ccc2c(c1)Sc1cc(C(C)(C)C)ccc1N2c1ccc2c(ccc3nc4ccc5cc(N6c7ccc(C(C)(C)C)cc7Sc7cc(C(C)(C)C)ccc76)ccc5c4nc32)c1,1
CC1(C)c2ccccc2N(c2ccc3c(ccc4nc5ccc6cc(N7c8ccccc8C(C)(C)c8ccccc87)ccc6c5nc43)c2)c2ccccc21,1
O=C1c2ccc3c4c(-c5ccc(C(=C(c6ccccc6)c6ccccc6)c6ccccc6)cc5)cc5c6c(ccc(c7c(-c8ccc(C(=C(c9ccccc9)c9ccccc9)c9ccccc9)cc8)cc(c2c37)C(=O)N1C1CCCCC1)c64)C(=O)N(C1CCCCC1)C5=O,1
O=C1c2ccc3c4c(Oc5ccc(C(=C(c6ccccc6)c6ccccc6)c6ccccc6)cc5)cc5c6c(ccc(c7c(Oc8ccc(C(=C(c9ccccc9)c9ccccc9)c9ccccc9)cc8)cc(c2c37)C(=O)N1C1CCCCC1)c64)C(=O)N(C1CCCCC1)C5=O,1
CCCCN1C(=O)C2=C(c3ccc(-c4ccc(C=O)s4)cc3)N(CCCC)C(=O)C2=C1c1ccc(-c2ccc(N(c3ccc(OC)cc3)c3ccc(OC)cc3)cc2)cc1,1
CCN1C(C=Cc2ccc(C)s2)=CC(=C(C#N)C#N)c2ccccc21,1
CCN1C(C=Cc2ccc(-c3ccc(N(c4ccccc4)c4ccccc4)cc3)s2)=CC(=C(C#N)C#N)c2ccccc21,1
CCN1C(C=Cc2ccc(-c3ccc(N(c4ccc(OC)cc4)c4ccc(OC)cc4)cc3)s2)=CC(=C(C#N)C#N)c2ccccc21,1
CCN1C(C=Cc2sc(-c3ccc(N(c4ccccc4)c4ccccc4)cc3)c3c2OCCO3)=CC(=C(C#N)C#N)c2ccccc21,1
CCN1C(C=Cc2sc(-c3ccc(N(c4ccc(OC)cc4)c4ccc(OC)cc4)cc3)c3c2OCCO3)=CC(=C(C#N)C#N)c2ccccc21,1
CCOc1ccc(N(c2ccc(OCC)cc2)c2ccc(-c3sc(C=CC4=CC(=C(C#N)C#N)c5ccccc5N4CC)c4c3OCCO4)cc2)cc1,1
CCN(CC)c1ccc(C(=C(c2ccccc2)c2ccc(-c3ccc(C(C#N)=C(C#N)c4ccc(-c5ccc(C(=C(c6ccc(N(CC)CC)cc6)c6ccc(N(CC)CC)cc6)c6ccccc6)cc5)cc4)cc3)cc2)c2ccc(N(CC)CC)cc2)cc1,1
CCCCCCCCCCCCOc1cc(C=Cc2ccc(C(=C(C#N)C#N)C(=C(C#N)C#N)c3ccc(N(C)C)cc3)cc2)c(OCCCCCCCCCCCC)cc1C=Cc1ccc(C(=C(C#N)C#N)C(=C(C#N)C#N)c2ccc(N(C)C)cc2)cc1,1
N#CC(=C(C#N)c1ccc(N(c2ccccc2)c2ccccc2)cc1)c1ccc(N(c2ccccc2)c2ccccc2)cc1,1
N#CC(=C(C#N)c1ccc(N(c2ccccc2)c2ccc(C(=C(c3ccccc3)c3ccccc3)c3ccccc3)cc2)cc1)c1ccc(N(c2ccccc2)c2ccc(C(=C(c3ccccc3)c3ccccc3)c3ccccc3)cc2)cc1,1
N#CC(=Cc1cc(N(c2ccccc2)c2ccccc2)c(C=C(C#N)c2ccc(C(F)(F)F)cc2)cc1N(c1ccccc1)c1ccccc1)c1ccc(C(F)(F)F)cc1,1
N#CC(=Cc1cc(N(c2ccccc2)c2ccccc2)c(C=C(C#N)c2cc(C(F)(F)F)cc(C(F)(F)F)c2)cc1N(c1ccccc1)c1ccccc1)c1cc(C(F)(F)F)cc(C(F)(F)F)c1,1
CC(C)(C)c1ccc(N(c2ccc(C(C)(C)C)cc2)c2cc(C=C(C#N)c3cc(C(F)(F)F)cc(C(F)(F)F)c3)c(N(c3ccc(C(C)(C)C)cc3)c3ccc(C(C)(C)C)cc3)cc2C=C(C#N)c2cc(C(F)(F)F)cc(C(F)(F)F)c2)cc1,1
O=C1c2ccc(-c3ccc(N(c4ccccc4)c4ccccc4)cc3)cc2C(=O)c2ccc(-c3ccc(N(c4ccccc4)c4ccccc4)cc3)cc21,1
N#CC(C#N)=Cc1ccc(N(c2ccccc2)c2ccc(N(c3ccccc3)c3ccccc3)cc2)cc1,1
CCCCCCCCOc1ccc(N(c2ccc(OCCCCCCCC)cc2)c2ccc(-c3c4c(c(-c5ccc(N(c6ccc(OCCCCCCCC)cc6)c6ccc(OCCCCCCCC)cc6)cc5)c5nsnc35)N=S=N4)cc2)cc1,1
c1ccc(C(=C(c2ccccc2)c2ccc(N(c3ccccc3)c3ccc(-c4cnc(-c5ccc(N(c6ccccc6)c6ccc(C(=C(c7ccccc7)c7ccccc7)c7ccccc7)cc6)cc5)c5nsnc45)cc3)cc2)c2ccccc2)cc1,1
CC[n+]1ccc2ccccc2c1C=Cc1c([O-])ccc2ccc(=O)oc12,1
CN(C)c1ccc2nc(C=Cc3cc4c5c(c3)CCCN5CCC4)c(=O)oc2c1,1
CCC1=C(C)C2=Cc3c4ccccc4c4n3[B-](c3ccncc3)(Oc3ccccc3-4)[N+]2=C1C=Cc1ccc(OC)cc1,1
CCC1=C(C)C2=Cc3c4ccccc4c4n3[B-](c3cc[n+](C)cc3)(Oc3ccccc3-4)[N+]2=C1C=Cc1ccc(OC)cc1,1
CC(C)[Si]1(C(C)C)c2cc(C=C(C#N)C#N)ccc2-c2ccc(N(C)C)cc21,1
CC(C)[Si]1(C(C)C)c2cc(C=C(C#N)C#N)ccc2-c2ccc(N(c3ccccc3)c3ccccc3)cc21,1
COc1ccc(C=CC=CC=Cc2ccc([N+](=O)[O-])cc2)cc1,1
CCOc1ccc(C=CC=CC=Cc2ccc([N+](=O)[O-])cc2)cc1,1
CCCOc1ccc(C=CC=CC=Cc2ccc([N+](=O)[O-])cc2)cc1,1
CCCCOc1ccc(C=CC=CC=Cc2ccc([N+](=O)[O-])cc2)cc1,1
CN1C(=CC=CC2=[N+](C)c3c(F)c(F)c4c(F)c(F)c(F)c(F)c4c3C2(C)C)C(C)(C)c2c1c(F)c(F)c1c(F)c(F)c(F)c(F)c21,1
COc1ccc(-c2cc3c(o2)=CC2=Cc4cc5oc(-c6ccc(OC)cc6)cc5n4[B-](F)(F)[N+]=32)cc1,1
CC1(C)C(C=CC=Cc2cc3ccc(O)cc3oc2=O)=[N+](CCCS(=O)(=O)[O-])c2ccccc21,1
CC1(C)C(C=CC=Cc2cc3ccc(O)cc3oc2=O)=[N+](CCCS(=O)(=O)[O-])c2ccc(S(=O)(=O)O)cc21,1
COc1ccc(-c2sc3c(-c4ccc(OC)cc4)c4n(c3c2-c2ccc(OC)cc2)[B-](F)(F)[N+]2=Cc3c(-c5ccc(OC)cc5)c5sc(-c6ccc(OC)cc6)c(-c6ccc(OC)cc6)c5n3[B-](F)(F)[N+]2=C4)cc1,1
CCCCCCOc1ccc(N(c2ccc(OCCCCCC)cc2)c2ccc(-c3sc(-c4ccc(N(c5ccc(OCCCCCC)cc5)c5ccc(OCCCCCC)cc5)cc4)c4nc(CC)c(CC)nc34)cc2)cc1,1
C#CCn1c2ccccc2c2cc(C=CC3=[N+]4C(=C(c5ccc(I)cc5)c5c(C)cc(C=Cc6ccc7c(c6)c6ccccc6n7CC#C)n5[B-]4(F)F)C(C)=C3)ccc21,1
COc1ccc(C2=[N+]3C(=C(c4ccc(C#N)cc4)c4cc(Cl)c(-c5ccc(OC)cc5)n4[B-]3(F)F)C=C2Cl)cc1,1
CCCCCCCCCCCCSc1cc2c3c(ccc4c5c(SCCCCCCCCCCCC)cc6c7c(ccc(c1c34)c75)C(=O)N(C1CCCCC1)C6=O)C(=O)N(C1CCCCC1)C2=O,1
O=C1c2ccc3c4c(-c5ccccc5)cc5c6c(ccc(c7c(-c8ccccc8)cc(c2c37)C(=O)N1C1CCCCC1)c64)C(=O)N(C1CCCCC1)C5=O,1
O=C1c2ccc3c4c(NC5CCCCC5)cc5c6c(ccc(c7c(NC8CCCCC8)cc(c2c37)C(=O)N1C1CCCCC1)c64)C(=O)N(C1CCCCC1)C5=O,1
CCCCCCCCCCCCOc1cc2c3c(ccc4c5c(N6CCOCC6)cc6c7c(ccc(c1c34)c75)C(=O)N(C1CCCCC1)C6=O)C(=O)N(C1CCCCC1)C2=O,1
CCCCCCCCCCCCOc1cc2c3c(ccc4c5c(NC6CCCCC6)cc6c7c(ccc(c1c34)c75)C(=O)N(C1CCCCC1)C6=O)C(=O)N(C1CCCCC1)C2=O,1
CC(C)[Si](C#Cc1c2cc3ccccc3cc2c(C#C[Si](C(C)C)(C(C)C)C(C)C)c2nc3cc4c(cc3nc12)C1c2ccccc2C4c2ccccc21)(C(C)C)C(C)C,1
COc1ccc(C2=[N+]3C(=Nc4c(-c5cc(OC)c(OC)c(OC)c5)c(-c5ccc(C(C)(C)C)cc5)c(-c5ccc(OC)cc5)n4[B-]3(F)F)C(c3cc(OC)c(OC)c(OC)c3)=C2c2ccc(C(C)(C)C)cc2)cc1,1
COc1ccc2c3c(c4ccc(C(C)(C)C)cc4c2c1)=C(c1cc(OC)c(OC)c(OC)c1)C1=Nc2c(-c4cc(OC)c(OC)c(OC)c4)c4c5ccc(C(C)(C)C)cc5c5cc(OC)ccc5c4n2[B-](F)(F)[N+]=31,1
COc1ccc(C2=[N+]3C(=Nc4c5c6cc(OC)c(OC)c(OC)c6c6cc(C(C)(C)C)ccc6c5c(-c5ccc(OC)cc5)n4[B-]3(F)F)c3c2c2ccc(C(C)(C)C)cc2c2c(OC)c(OC)c(OC)cc32)cc1,1
COc1ccc(C2=[N+]3C(=Nc4c5c6ccccc6c6ccc(C(C)(C)C)cc6c5c(-c5ccc(OC)cc5)n4[B-]3(F)F)c3c2c2cc(C(C)(C)C)ccc2c2ccccc32)cc1,1
CCC(CC)COC1=CC2=C3c4cc(OCC(CC)CC)c(-c5ccccc5)n4[B-](F)(F)[n+]4nnn(c43)[B-](F)(F)[N+]2=C1c1ccccc1,1
CCC(CC)COC1=CC2=C3c4cc(OCC(CC)CC)c(-c5cccs5)n4[B-](F)(F)[n+]4nnn(c43)[B-](F)(F)[N+]2=C1c1cccs1,1
CCCCCCCc1ccc(C2=[N+]3C(=C4c5cc(OCC(CC)CC)c(-c6ccc(CCCCCCC)o6)n5[B-](F)(F)[n+]5nnn(c54)[B-]3(F)F)C=C2OCC(CC)CC)o1,1
CCCCCCCc1cc2c(o1)=CC1=C3c4cc5oc(CCCCCCC)cc5n4[B-](F)(F)[n+]4nnn(c43)[B-](F)(F)[N+]=21,1
COc1ccc(-c2c3cc4ccccc4cc3c(C#Cc3ccccc3)c3cc4ccccc4cc23)cc1,1
O=S1(=O)C2=C(c3ccc(-c4ccc(N(c5ccccc5)c5ccccc5)cc4)cc31)C1(C3=C(c4ccccc41)S(=O)(=O)c1cc(-c4ccc(N(c5ccccc5)c5ccccc5)cc4)ccc13)c1ccccc12,1
COC(=O)C=Cc1sc(-c2ccc(N(C)C)s2)c(-c2cn(C)c3ccccc23)c1O,1
COc1c2ccccc2c(OC)c2c(C#Cc3ccccc3)c3cc4sccc4cc3c(C#Cc3ccccc3)c12,1
COc1c2ccccc2c(OC)c2c(C#CC(C)(C)C)c3cc4ccccc4cc3c(C#CC(C)(C)C)c12,1
COc1c2ccccc2c(OC)c2c(C#C[Si](C(C)C)(C(C)C)C(C)C)c3cc4ccccc4cc3c(C#C[Si](C(C)C)(C(C)C)C(C)C)c12,1
COc1c2ccccc2c(OC)c2c(C#Cc3ccccc3)c3cc4ccccc4cc3c(C#Cc3ccccc3)c12,1
CC(C)[Si](C#Cc1c2cc3ccccc3cc2c(C#C[Si](C(C)C)(C(C)C)C(C)C)c2nc3c(ccc4ccccc43)nc12)(C(C)C)C(C)C,1
CC(C)[Si](C#Cc1c2cc3ccccc3cc2c(C#C[Si](C(C)C)(C(C)C)C(C)C)c2nc3c(ccc4cc5ccccc5cc43)nc12)(C(C)C)C(C)C,1
COc1ccc(C2=c3sc(-c4ccc(OC)cc4)cc3=[N+]3C2=Nc2c(-c4ccc(OC)cc4)c4sc(-c5ccc(OC)cc5)cc4n2[B-]3(F)F)cc1,1
CC(C)(C)c1ccc(C2=c3sc(-c4ccc(C(C)(C)C)cc4)cc3=[N+]3C2=Nc2c(-c4ccc(C(C)(C)C)cc4)c4sc(-c5ccc(C(C)(C)C)cc5)cc4n2[B-]3(F)F)cc1,1
CCCCCCOc1cc(C=Cc2cc(OCCCCCC)c(C=C3C(=O)c4ccccc4C3=C(C#N)C#N)cc2OCCCCCC)c(OCCCCCC)cc1C=Cc1cc(OCCCCCC)c(C=C2C(=O)c3ccccc3C2=C(C#N)C#N)cc1OCCCCCC,1
COc1cc(C2=C(c3cc(OC)c(OC)c(OC)c3)C(c3ccc(C(C)(C)C)cc3)=[N+]3C2=Nc2c(-c4cc(OC)c(OC)c(OC)c4)c(-c4cc(OC)c(OC)c(OC)c4)c(-c4ccc(C(C)(C)C)cc4)n2[B-]3(F)F)cc(OC)c1OC,1
COc1cc(C2=c3c(c4ccc(C(C)(C)C)cc4c4cc(C(C)(C)C)ccc34)=[N+]3C2=Nc2c(-c4cc(OC)c(OC)c(OC)c4)c4c5ccc(C(C)(C)C)cc5c5cc(C(C)(C)C)ccc5c4n2[B-]3(F)F)cc(OC)c1OC,1
COc1cc(C2=c3c(c4ccc(C(C)(C)C)cc4c4c(OC)c(OC)c(OC)cc34)=[N+]3C2=Nc2c(-c4cc(OC)c(OC)c(OC)c4)c4c5cc(OC)c(OC)c(OC)c5c5cc(C(C)(C)C)ccc5c4n2[B-]3(F)F)cc(OC)c1OC,1
COc1cc(OC)c2c(c1)c1c(c3ccc(C(C)(C)C)cc32)=[N+]2C(=Nc3c(-c4cc(OC)c(OC)c(OC)c4)c4c5cc(OC)cc(OC)c5c5cc(C(C)(C)C)ccc5c4n3[B-]2(F)F)C=1c1cc(OC)c(OC)c(OC)c1,1
COc1cc2c3c4c(c5ccc(C(C)(C)C)cc5c5cc(C(C)(C)C)cc(c2c(OC)c1OC)c45)=[N+]1C3=Nc2c3c4cc(OC)c(OC)c(OC)c4c4cc(C(C)(C)C)cc5c6cc(C(C)(C)C)ccc6c(c3c54)n2[B-]1(F)F,1
COc1cc2c3c4c(c5ccc(C(C)(C)C)cc5c5c(OC)c(OC)c(OC)c(c2c(OC)c1OC)c45)=[N+]1C3=Nc2c3c4cc(OC)c(OC)c(OC)c4c4c(OC)c(OC)c(OC)c5c6cc(C(C)(C)C)ccc6c(c3c54)n2[B-]1(F)F,1
COc1cc2c3c4c(c5ccc(C(C)(C)C)cc5c5c(OC)cc(OC)c(c2c(OC)c1OC)c45)=[N+]1C3=Nc2c3c4cc(OC)c(OC)c(OC)c4c4c(OC)cc(OC)c5c6cc(C(C)(C)C)ccc6c(c3c54)n2[B-]1(F)F,1
COc1ccc(-c2oc3c(c2Br)=[N+]2C(=C(C(F)(F)F)c4cc5oc(-c6ccc(OC)cc6)c(Br)c5n4[B-]2(F)F)C=3)cc1,1
CCCCCCCCOc1ccc(C#Cc2c3cc4ccccc4cc3c(C#C[Si](C(C)C)(C(C)C)C(C)C)c3cc4ccccc4cc23)cc1,1
COc1ccc(C#Cc2c3cc4ccccc4cc3c(C#C[Si](C(C)C)(C(C)C)C(C)C)c3cc4ccccc4cc23)cc1,1
Cc1ccc(C#Cc2c3cc4ccccc4cc3c(C#C[Si](C(C)C)(C(C)C)C(C)C)c3cc4ccccc4cc23)cc1,1
CC(C)[Si](C#Cc1c2cc3ccccc3cc2c(C#Cc2ccccc2)c2cc3ccccc3cc12)(C(C)C)C(C)C,1
CC(C)[Si](C#Cc1c2cc3ccccc3cc2c(C#Cc2ccc(Br)cc2)c2cc3ccccc3cc12)(C(C)C)C(C)C,1
CC(C)[Si](C#Cc1ccc(C#Cc2c3cc4ccccc4cc3c(C#C[Si](C(C)C)(C(C)C)C(C)C)c3cc4ccccc4cc23)cc1)(C(C)C)C(C)C,1
CC(C)[Si](C#Cc1c2cc3ccccc3cc2c(C#Cc2ccc(C(F)(F)F)cc2)c2cc3ccccc3cc12)(C(C)C)C(C)C,1
CC1(C)C(=CC2=C([O-])C(=CC3=[NH+]c4ccc5ccccc5c4C3(C)C)C(=O)C2=O)Nc2ccc3ccccc3c21,1
O=C1C([O-])=C([n+]2ccc(-c3ccc(-c4ccc(N(c5ccccc5)c5ccccc5)cc4)s3)cc2)C(=O)N1c1c(F)c(F)c(F)c(F)c1F,1
CCCn1c(=CC=C2CCCC(C=CC3=[N+](CCC)c4cccc5cccc3c45)=C2Cl)c2cccc3cccc1c32,1
CCCn1c(=CC=C2CCCC(C=CC3=[N+](CCC)c4cccc5cccc3c45)=C2N2CCN(CC)CC2)c2cccc3cccc1c32,1
CC1(C)CC(C=CC2=C(Cl)C(=C[N-]c3ccccc3)CCC2)=CC(=C(C#N)C#N)C1,1
CCCCCCCCCCCCN1C(=CC2=C([O-])C(=CC3=[N+](CCCCCCCC)c4ccc(C(=O)O)cc4C3(C)C)C2=C2C(=O)c3ccccc3C2=O)C(C)(C)c2c1ccc1ccccc21,1
CCCCCCCCCCCC[N+]1=C(C=C2C(=O)C(C=C3N(CCC(=O)O)c4ccc5ccccc5c4C3(C)C)=C2[O-])C(C)(C)c2c1ccc1ccccc21,1
O=S(=O)([O-])CCCCOc1ccc(C2CC3=Cc4ccc5ccccc5c4OC3=C(C=CC=C3CC(c4ccc(OCCCCS(=O)(=O)[O-])cc4)Cc4cc5ccc6ccccc6c5[o+]c43)C2)cc1,1
C(=CC1=C2Oc3c(ccc4ccccc34)C=C2CCC1)C=C1CCCc2cc3ccc4ccccc4c3[o+]c21,1
CN1C(=CC2=C(NS(=O)(=O)c3cccs3)C(=Cc3sc4ccccc4[n+]3C)C2=O)Sc2ccccc21,1
CN(C)c1ccc(C2=C(c3ccccc3)C(=C3C(=O)C(c4c(-c5ccccc5)c(-c5ccc(N(C)C)cc5)c5ccccn45)=C3[O-])[n+]3ccccc32)cc1,1
CC[N+]1=C(C=CC2=C(Cl)c3cc(C=O)c(N(C)C)cc3CC2)C(C)(C)c2ccccc21,1
CC[N+]1=C(C=CC2=C(Cl)c3cc(C=CC4=[N+](CC)c5ccccc5C4(C)C)c(N(C)C)cc3CC2)C(C)(C)c2ccccc21,1
CC[n+]1c(C=CC2=C(Cl)c3cc(C=O)c(N(C)C)cc3CC2)ccc2ccccc21,1
CCCCN1C(=CC=C(Cl)C=CC2=[N+](CCCC)c3ccc(Cl)cc3C2(C)C)C(C)(C)c2cc(Cl)ccc21,1
CC1(C(F)(F)F)OC([C-](C#N)C#N)=C(C#N)C1=CC=C1CCCC(C=CC2=C(C#N)C(=C(C#N)C#N)OC2(C)C(F)(F)F)=C1Cl,1
CN(C)c1ccc2c(c1)c1ccccc1c(C=CC=CC=C1c3ccccc3-c3ccccc3N1C)[n+]2C,1
CCN(CC)c1ccc2c(c1)c1ccccc1c(C=CC=CC=C1c3ccccc3-c3ccccc3N1C)[n+]2C,1
CN1C(=CC=CC=Cc2c3ccccc3c3c4c5c(cc3[n+]2C)CCCN5CCC4)c2ccccc2-c2ccccc21,1
CN1C(=CC=CC=Cc2c3ccccc3c3cc(N4CCCC4)ccc3[n+]2C)c2ccccc2-c2ccccc21,1
CN1C(=CC=CC=Cc2c3ccccc3c3cc(N4CCCCC4)ccc3[n+]2C)c2ccccc2-c2ccccc21,1
CN1C(=CC=CC=Cc2c3ccccc3c3cc(N(c4ccccc4)c4ccccc4)ccc3[n+]2C)c2ccccc2-c2ccccc21,1
CN1C(=CC=CC=Cc2c3ccccc3c3cc(-c4ccccc4)ccc3[n+]2C)c2ccccc2-c2ccccc21,1
CN1C(=CC=CC=Cc2c3ccccc3c3ccccc3[n+]2C)c2ccccc2-c2ccccc21,1
CN1C(=CC=CC=Cc2c3ccccc3c3cc(N(c4ccccc4)c4ccccc4)ccc3[n+]2C)c2ccccc2-c2cc(N(c3ccccc3)c3ccccc3)ccc21,1
CN1C(=CC=CC=Cc2c3ccccc3c3cc(-c4ccccc4)ccc3[n+]2C)c2ccccc2-c2cc(-c3ccccc3)ccc21,1
CCN1C(=CC=C2CCCC(C=CC3=[N+](CC)c4ccccc4C3(C)C)=C2Sc2ccc(SC3=C(C=CC4=[N+](CC)c5ccccc5C4(C)C)CCCC3=CC=C3N(CC)c4ccccc4C3(C)C)cc2)C(C)(C)c2ccccc21,1
CC[N+]1=C(C=CC2=C3Oc4cc(O)c5ccccc5c4C=C3CCC2)C(C)(C)c2ccccc21,1
CC[N+]1=C(C=CC2=C3Oc4cc(O)c5ccccc5c4C=C3CCC2)C(C)(C)c2c1ccc1ccccc21,1
CC1(C)C(=CC=CC(=CC=CC2=[N+](CCC[N+](C)(C)C)c3ccc(S(=O)(=O)[O-])cc3C2(C)C)c2cc(C(=O)[O-])ccc2C(=O)N(CCC[N+](C)(C)C)CCCS(=O)(=O)[O-])N(CCC[N+](C)(C)C)c2ccc(S(=O)(=O)[O-])cc21,1
CN1C(=CC=CC(=CC=CC2=[N+](C)c3ccccc3C2(C)C)NC(=O)OC(C)(C)C)C(C)(C)c2ccccc21,1
CN1C(=CC=CC(=CC=CC2=[N+](C)c3ccccc3C2(C)C)Oc2ccccc2)C(C)(C)c2ccccc21,1
CN1C(=CC=CC(=CC=CC2=[N+](C)c3ccccc3C2(C)C)Oc2ccc(S(=O)(=O)[O-])cc2)C(C)(C)c2ccccc21,1
CN1C(=CC=CC(C#N)=CC=CC2=[N+](C)c3ccccc3C2(C)C)C(C)(C)c2ccccc21,1
CN1C(=CC=CC(=CC=CC2=[N+](C)c3ccccc3C2(C)C)C(=O)[O-])C(C)(C)c2ccccc21,1
CN1C(=CC=CC(=CC=CC2=[N+](C)c3ccccc3C2(C)C)C(N)=O)C(C)(C)c2ccccc21,1
CCOC(=O)C(C=CC=C1N(C)c2ccccc2C1(C)C)=CC=CC1=[N+](C)c2ccccc2C1(C)C,1
CN1C(=CC=CC(=CC=CC2=[N+](C)c3ccccc3C2(C)C)CCNC(=O)OC(C)(C)C)C(C)(C)c2ccccc21,1
CN1C(=CC=CC(=CC=CC2=[N+](C)c3ccccc3C2(C)C)CCC(=O)[O-])C(C)(C)c2ccccc21,1
CN1C(=CC=CC(=CC=CC2=[N+](C)c3ccccc3C2(C)C)c2ccccc2)C(C)(C)c2ccccc21,1
CN1C(=CC=CC(=CC=CC2=[N+](C)c3ccccc3C2(C)C)c2cccc(C(=O)[O-])c2)C(C)(C)c2ccccc21,1
CN1C(=CC=CC(=CC=CC2=[N+](C)c3ccccc3C2(C)C)c2ccc(B(O)O)cc2)C(C)(C)c2ccccc21,1
CN1C(=CC=CC(=CC=CC2=[N+](C)c3ccccc3C2(C)C)c2ncc[nH]2)C(C)(C)c2ccccc21,1
CN1C(=CC=CC(=CC=CC2=[N+](C)c3ccccc3C2(C)C)c2ncco2)C(C)(C)c2ccccc21,1
CN1C(=CC=CC(=CC=CC2=[N+](C)c3ccccc3C2(C)C)c2noc(CCC(=O)[O-])n2)C(C)(C)c2ccccc21,1
